geo,name,1990,1991,1992,1993,1994,1995,1996,1997,1998,1999,2000,2001,2002,2003,2004,2005,2006,2007,2008,2009,2010,2011,2012,2013,2014,2015,2016,2017,2018,2019
afg,Afghanistan,0.01889,0.02125,0.02328,0.02487,0.02631,0.02891,0.03136,0.0327,0.03266,0.03615,0.03819,0.0404,0.04326,0.04704,0.05051,0.05371,0.05719,0.06127,0.06588,0.07115,0.07537,0.07866,0.08098,0.08507,0.08827,0.0933,0.09959,0.11094,0.11449,0.1264
ago,Angola,0.14055,0.21061,0.30117,0.39915,0.56843,0.7757,1.02068,1.28622,1.52241,1.9251,2.34387,2.77538,3.27876,3.74569,4.18027,4.61898,4.86453,5.16581,5.51408,5.84771,6.22042,6.66175,7.09289,7.17346,7.14241,7.38533,8.06193,8.77962,9.08854,9.12164
alb,Albania,0.00691,0.00749,0.00849,0.00932,0.01041,0.01086,0.01096,0.00953,0.01019,0.01023,0.00992,0.01023,0.01003,0.00991,0.01023,0.01079,0.01145,0.01193,0.01148,0.01151,0.01119,0.01073,0.0104,0.01004,0.00955,0.0091,0.00845,0.00783,0.00755,0.00736
and,Andorra,0.56044,0.62767,0.69363,0.73931,0.76421,0.79927,0.81095,0.78876,0.77056,0.74919,0.73676,0.73309,0.73083,0.74654,0.73749,0.73277,0.73253,0.72493,0.70709,0.68908,0.63592,0.61059,0.5978,0.58955,0.58394,0.57687,0.52735,0.4907,0.49887,0.50661
are,UAE,0.05454,0.06413,0.07452,0.08567,0.09662,0.10919,0.123,0.13655,0.15464,0.17293,0.19539,0.22249,0.25258,0.28128,0.30416,0.34531,0.39397,0.44978,0.49983,0.51727,0.54595,0.57762,0.59827,0.61027,0.63521,0.63899,0.6426,0.63081,0.60099,0.55718
arg,Argentina,0.22205,0.26524,0.35364,0.38896,0.51768,0.62583,0.70127,0.75495,0.68391,0.62246,0.62516,0.62141,0.62789,0.63439,0.59819,0.55897,0.57757,0.57163,0.57308,0.56957,0.53359,0.51323,0.5465,0.54307,0.5448,0.53297,0.52788,0.51969,0.51965,0.50948
arm,Armenia,0.00477,0.0046,0.00424,0.00409,0.00426,0.00434,0.00433,0.00445,0.00446,0.00442,0.00443,0.00428,0.00419,0.00419,0.00905,0.01489,0.0372,0.02704,0.04501,0.04509,0.03767,0.03688,0.07228,0.05817,0.10388,0.11187,0.09847,0.07837,0.07264,0.06851
atg,Antigua and Barbuda,1.60766,1.10276,1.35806,1.55074,1.7688,1.7687,2.0798,1.69797,1.74814,2.15929,2.83718,2.69811,2.56821,2.25261,2.24242,1.94684,1.94338,1.4978,1.45271,1.44492,1.5701,1.53688,1.41207,1.34133,1.65364,1.61262,1.38885,1.32353,1.26807,1.2118
aus,Australia,0.32198,0.36852,0.40058,0.47206,0.45285,0.42048,0.38855,0.19141,0.15363,0.13537,0.12699,0.11359,0.10172,0.10223,0.11119,0.08905,0.09914,0.09035,0.06863,0.07276,0.05881,0.07194,0.05174,0.04701,0.04463,0.0417,0.04557,0.04468,0.04283,0.04136
aut,Austria,0.08486,0.11039,0.16732,0.18105,0.22358,0.20534,0.14685,0.08298,0.08752,0.07242,0.06308,0.0665,0.07041,0.06609,0.07565,0.08737,0.05781,0.07914,0.06302,0.05276,0.06005,0.05381,0.05,0.06423,0.05415,0.05457,0.0431,0.04619,0.04487,0.043
aze,Azerbaijan,0.02483,0.0287,0.03057,0.03458,0.03823,0.0453,0.05209,0.05843,0.06424,0.06996,0.07602,0.08246,0.08657,0.08869,0.09114,0.0928,0.09429,0.08367,0.06331,0.05684,0.05955,0.05036,0.04169,0.03893,0.03864,0.04024,0.04197,0.04394,0.04705,0.04958
bdi,Burundi,6.47673,8.40545,10.44246,12.14443,12.01885,13.24225,14.14534,14.62441,15.19693,15.35079,15.07676,15.01798,14.69073,14.12992,13.41927,12.40564,12.99438,11.84374,10.74243,9.68364,8.80788,7.86492,7.02889,6.39504,5.81448,5.07072,4.18151,3.32302,2.72516,2.47312
bel,Belgium,0.12789,0.15898,0.12155,0.18403,0.20198,0.23294,0.17969,0.09982,0.07696,0.0752,0.07967,0.09206,0.08992,0.08725,0.09896,0.0801,0.06735,0.06935,0.07487,0.0651,0.07924,0.07481,0.06812,0.07113,0.05427,0.05629,0.05583,0.05364,0.05142,0.04907
ben,Benin,0.07616,0.22296,0.46612,0.84558,1.35272,1.96877,2.62286,3.31196,3.94338,4.50679,4.94866,5.28603,5.55058,5.68989,5.7626,5.78037,5.7503,5.52225,4.39237,3.19507,2.90417,2.81029,2.72095,2.85074,3.01621,2.86338,2.4962,2.30337,2.27047,2.20187
bfa,Burkina Faso,7.92512,9.05855,9.86662,10.40642,10.64897,10.65098,10.08856,10.04295,9.89292,9.48249,9.00361,8.52141,8.06445,7.51984,6.88671,6.18009,5.47925,4.90931,4.37482,3.80249,3.38033,3.01493,2.7966,2.67519,2.49197,2.29652,2.09975,1.83407,1.58437,1.47235
bgd,Bangladesh,,,,,0.00002,0.00017,0.00033,0.00058,0.00096,0.00148,0.00219,0.0032,0.00457,0.00641,0.00889,0.01191,0.01534,0.01897,0.02338,0.02699,0.03099,0.03753,0.04359,0.04652,0.04732,0.04827,0.04849,0.04695,0.04506,0.04248
bgr,Bulgaria,0.02653,0.02317,0.02404,0.03055,0.04219,0.02675,0.04617,0.05988,0.07623,0.05568,0.0462,0.04801,0.05112,0.05287,0.0521,0.07559,0.07806,0.07377,0.07092,0.05179,0.05709,0.04958,0.05424,0.04649,0.04394,0.04354,0.04213,0.04073,0.03875,0.03727
bhr,Bahrain,0.18925,0.21789,0.2493,0.28353,0.31548,0.34516,0.37021,0.39443,0.41069,0.42278,0.43454,0.4479,0.36673,0.34008,0.34005,0.35603,0.36755,0.39708,0.41802,0.42111,0.41696,0.40227,0.38821,0.37225,0.35187,0.32329,0.29503,0.26507,0.23908,0.17394
bhs,Bahamas,4.4818,5.86615,7.38625,9.65611,11.09976,11.38085,12.9488,11.1913,10.56626,13.83336,13.64854,13.58046,11.80181,10.73531,10.57698,8.97275,9.52154,7.46588,6.92174,6.5142,5.8188,5.62337,5.581,5.34206,5.33418,5.06686,4.95445,4.79079,4.60168,4.28254
bih,Bosnia and Herzegovina,0.01272,0.01233,0.01028,0.01083,0.01161,0.00972,0.01317,0.01354,0.01443,0.01449,0.0139,0.01303,0.01245,0.01219,0.01206,0.00991,0.0066,0.00474,0.00497,0.00535,0.00548,0.00512,0.00478,0.00458,0.00462,0.00482,0.00528,0.00508,0.00467,0.00462
blr,Belarus,0.09024,0.09006,0.0852,0.09017,0.11124,0.11126,0.10989,0.11813,0.11316,0.14485,0.12773,0.11061,0.13931,0.17685,0.17553,0.18384,0.20347,0.23323,0.2453,0.27835,0.27941,0.298,0.29581,0.2716,0.27917,0.27578,0.26657,0.25666,0.25216,0.24365
blz,Belize,3.18713,2.22439,2.54302,3.24776,4.05151,3.23353,3.72894,3.09441,3.19599,4.21391,4.7947,4.3451,5.63791,5.96066,6.18844,5.14274,5.20738,4.71512,4.33242,5.01951,5.10234,4.84666,4.81628,4.86473,5.34884,5.5075,4.63704,4.43454,4.20055,4.03527
bol,Bolivia,0.33729,0.4156,0.4936,0.56897,0.64269,0.70293,0.76225,0.81297,0.86242,0.90965,0.95497,1,1.02524,1.04157,1.0563,1.06924,1.06914,1.05873,1.0705,1.09028,1.1227,1.16835,1.21478,1.21582,1.19229,1.17569,1.11524,1.05451,1.01812,0.96999
bra,Brazil,0.82037,1.04347,1.23911,1.45641,1.64479,1.80442,1.78617,1.55063,1.41643,1.39015,1.38414,1.3849,1.3568,1.38306,1.32573,1.33528,1.29418,1.28986,1.30478,1.27608,1.26853,1.23493,1.21836,1.22599,1.21078,1.20121,1.16332,1.16537,1.13803,1.10302
brb,Barbados,1.67723,1.44533,1.7246,1.87648,2.43719,2.49978,2.16689,2.16262,2.22512,2.3752,2.89362,2.69816,2.17201,1.59179,1.56564,1.56209,1.48746,1.35999,1.23492,1.26064,1.27406,1.20875,1.09505,1.01789,1.02959,0.9941,0.95338,0.914,0.86647,0.80495
brn,Brunei,0.0667,0.07995,0.09517,0.10806,0.12599,0.1445,0.15778,0.15832,0.15975,0.16253,0.17242,0.19503,0.21315,0.23252,0.25304,0.27517,0.30034,0.32763,0.35455,0.37317,0.36075,0.33906,0.33642,0.33726,0.33882,0.34893,0.312,0.27554,0.27677,0.28203
btn,Bhutan,0.0855,0.11299,0.14414,0.17479,0.20266,0.23219,0.26103,0.28578,0.31189,0.34053,0.35186,0.39934,0.43366,0.46774,0.50235,0.53861,0.57247,0.58534,0.60073,0.61531,0.64743,0.66628,0.70592,0.76332,0.79325,0.79861,0.78438,0.76647,0.74857,0.72622
bwa,Botswana,11.59864,16.38491,21.90877,28.01282,33.73464,38.79269,43.25823,47.02005,49.86956,52.00303,53.35246,54.203,54.26389,53.19176,50.44497,46.79514,42.6931,41.72621,39.25207,36.22176,34.13819,32.90899,31.72745,30.29359,29.34896,28.66859,27.95601,27.6567,27.27502,26.67352
caf,Central African Republic,4.28737,6.96088,9.71693,12.26419,14.45203,16.1329,17.31181,18.10313,18.62752,18.77653,18.70365,18.48263,18.23117,17.92686,17.45481,16.84787,16.07757,15.17769,14.00289,13.12719,12.91458,12.93197,12.98417,11.9847,11.10756,10.7229,9.71567,8.80987,8.52697,8.2624
can,Canada,0.4205,0.48829,0.5655,0.60493,0.63025,0.77613,0.59178,0.31454,0.24057,0.20105,0.26246,0.22185,0.2122,0.21421,0.20552,0.22264,0.20943,0.19573,0.17949,0.1567,0.14102,0.12808,0.11524,0.09527,0.10879,0.10673,0.10307,0.09916,0.09258,0.08799
che,Switzerland,0.00508,0.00533,0.00554,0.00598,0.00666,0.80275,0.65875,0.44036,0.33001,0.2636,0.23841,0.21732,0.18211,0.1679,0.14464,0.11673,0.13004,0.10461,0.08563,0.07884,0.07711,0.06905,0.07866,0.05875,0.06094,0.04826,0.05634,0.05602,0.05458,0.05285
chl,Chile,0.13903,0.13894,0.19738,0.26944,0.38211,0.42188,0.49684,0.57085,0.55105,0.65547,0.65213,0.71059,0.58135,0.54085,0.50068,0.48544,0.50916,0.47512,0.47015,0.50143,0.47542,0.53528,0.49924,0.55319,0.53676,0.54225,0.50597,0.47857,0.4568,0.43516
chn,China,0.03235,0.04079,0.04892,0.05743,0.06476,0.07511,0.08068,0.0887,0.09869,0.10648,0.11419,0.12642,0.13333,0.1358,0.14615,0.16389,0.16411,0.16713,0.17752,0.17615,0.17616,0.17841,0.17201,0.18446,0.22458,0.26627,0.29376,0.30536,0.30673,0.29933
civ,Cote d'Ivoire,6.86521,9.39974,12.07296,14.66588,17.01408,19.04083,20.923,22.37945,23.36355,23.96945,24.08065,23.69747,23.10343,22.65148,21.98509,20.69292,19.19531,17.53457,15.86103,15.43019,15.92378,15.46697,14.80807,14.33953,13.21594,11.47695,10.1393,8.96373,7.97188,7.50574
cmr,Cameroon,1.02134,1.57369,2.32673,3.3135,4.57209,6.01589,7.62021,9.28416,10.89516,12.49954,13.9203,15.17719,16.20823,16.88609,16.9642,16.71421,16.84069,16.71847,16.25264,15.92401,15.7722,15.71147,15.61825,15.78652,15.93032,15.47444,14.51573,13.13458,11.77587,11.25569
cod,"Congo, Dem. Rep.",3.45109,4.08115,4.70547,5.24271,5.69663,6.12687,6.059,6.53179,6.72884,6.83641,6.92278,6.90467,6.77809,6.68082,6.56721,6.38286,6.09149,5.83164,5.64356,5.40251,5.17811,4.99443,4.71274,4.39419,4.04674,3.69861,3.30029,2.67525,2.09646,1.82469
cog,"Congo, Rep.",10.99115,12.9783,14.86249,16.08572,17.38046,18.31715,18.89082,15.37321,18.16473,19.82552,20.48599,21.05947,21.1844,21.01746,20.95838,20.45638,19.79355,19.1517,17.84267,16.75031,16.26015,15.92241,15.78017,16.07113,15.95715,15.12029,13.75139,13.13517,12.55244,12.04819
col,Colombia,0.28683,0.32474,0.34275,0.40152,0.55213,0.6197,0.62314,0.94883,0.92334,0.96757,1.00622,1.08792,1.08028,1.26734,1.31134,1.33823,1.30278,1.36666,1.32442,1.25135,1.29005,1.28248,1.22183,1.25305,1.23279,1.19434,1.12628,1.08766,1.04882,1.00559
com,Comoros,0.00083,0.00118,0.00155,0.0019,0.00222,0.00255,0.00281,0.00329,0.0038,0.00465,0.00561,0.00718,0.0091,0.0119,0.01522,0.01909,0.02211,0.02361,0.02352,0.02245,0.02451,0.02576,0.0257,0.02483,0.02483,0.02555,0.02703,0.0302,0.03347,0.03719
cpv,Cape Verde,1.11843,1.485,1.91689,2.36293,2.80854,3.06689,3.66224,3.98,4.33916,4.61413,4.94277,5.14091,5.2957,5.41757,5.43843,5.07313,4.70029,4.25145,4.02504,3.95131,3.9259,3.62025,3.29764,2.9307,2.61434,2.39233,2.2163,2.02849,1.63458,1.55374
cri,Costa Rica,0.51511,0.79298,0.80633,0.98257,1.05424,1.22798,1.27575,1.37086,1.01087,0.99683,1.00091,1.07326,0.96172,1.04197,0.90861,0.95722,1.00197,0.87757,0.93171,0.83023,0.82849,0.82775,0.97641,0.89586,0.94054,0.76617,0.6915,0.65834,0.62979,0.6037
cub,Cuba,0.08747,0.08893,0.10408,0.15372,0.14804,0.16207,0.16322,0.13988,0.13359,0.16441,0.17345,0.16248,0.1274,0.10907,0.14693,0.15705,0.15947,0.2036,0.21993,0.23307,0.25824,0.30336,0.36104,0.40146,0.4183,0.4672,0.38582,0.34971,0.32837,0.32073
cyp,Cyprus,0.01058,0.01208,0.01375,0.01578,0.01829,0.0209,0.02331,0.02489,0.02634,0.02862,0.03166,0.03465,0.03655,0.03912,0.04081,0.04194,0.04332,0.04481,0.0473,0.04966,0.05162,0.05408,0.05637,0.05797,0.05888,0.06006,0.05581,0.05258,0.05312,0.05332
cze,Czech Republic,0.00387,0.00352,0.00589,0.00521,0.00995,0.00663,0.00601,0.00624,0.0067,0.01015,0.00377,0.00867,0.00433,0.00377,0.00483,0.00932,0.00728,0.0103,0.00999,0.0177,0.01491,0.01765,0.01709,0.01656,0.02499,0.01578,0.02113,0.01832,0.01729,0.01669
deu,Germany,0.18613,0.22299,0.24509,0.27869,0.28773,0.26111,0.20799,0.11999,0.09093,0.08844,0.0841,0.07945,0.07681,0.07413,0.0737,0.0717,0.07237,0.06795,0.06725,0.06503,0.06527,0.06708,0.06079,0.05855,0.05597,0.05591,0.05041,0.04858,0.04639,0.04389
dji,Djibouti,0.02159,0.0549,0.17991,0.41708,0.82024,1.57142,2.63819,3.96983,5.56116,7.36481,9.23766,10.95093,12.23091,12.93635,13.5312,14.46861,14.58589,15.08782,15.24971,15.41404,15.59488,15.43032,15.03825,14.89373,14.59609,13.98573,13.46989,12.98107,12.4974,12.0153
dma,Dominica,0.85895,0.60064,0.74294,0.90721,0.98142,0.98709,1.08642,0.88232,0.85456,1.01173,1.30409,1.24459,1.15224,1.10982,1.08956,0.89569,0.88968,0.81547,0.79983,0.78619,0.81915,0.78205,0.78872,0.74545,0.93284,0.92376,0.79127,0.69029,0.7173,0.68722
dnk,Denmark,0.00387,0.00403,0.00421,0.00457,0.33546,0.40355,0.28355,0.1246,0.08441,0.08834,0.06188,0.06976,0.07497,0.08748,0.08496,0.07221,0.05787,0.06591,0.0546,0.072,0.07734,0.05709,0.06624,0.06806,0.04492,0.05628,0.05087,0.04846,0.04625,0.0441
dom,Dominican Republic,0.90691,1.61678,2.53044,3.51334,4.57504,5.51578,6.20366,6.77648,7.15631,7.50354,7.73984,7.80104,7.78304,7.46107,6.83073,6.29249,5.6342,4.93431,4.35168,3.98742,3.77577,3.5271,3.2042,2.94451,2.71482,2.42853,2.2614,2.1778,2.03832,1.95158
dza,Algeria,0.02893,0.03296,0.03705,0.04157,0.04582,0.05125,0.05824,0.06374,0.07224,0.0764,0.07898,0.08776,0.09968,0.11124,0.12552,0.13829,0.15386,0.17349,0.18308,0.1929,0.19723,0.19648,0.19768,0.19511,0.19572,0.17666,0.16459,0.15126,0.14041,0.13159
ecu,Ecuador,0.1276,0.16862,0.1877,0.23691,0.29705,0.19036,0.2491,0.40625,0.41605,0.50337,0.58466,0.79325,0.8658,0.93292,1.03398,1.17063,1.3038,1.22378,1.23938,1.28252,1.29421,1.21774,1.2615,1.34676,1.43654,1.39217,1.38216,1.36246,1.33651,1.31739
egy,Egypt,0.01203,0.01436,0.01673,0.01851,0.02002,0.02178,0.02334,0.02428,0.02511,0.02558,0.02647,0.02566,0.02517,0.02471,0.02495,0.0254,0.02548,0.0224,0.01962,0.01909,0.0193,0.02029,0.02043,0.02024,0.01898,0.01535,0.01284,0.01132,0.01028,0.01008
eri,Eritrea,0.9189,1.44266,2.57586,3.43333,4.32698,5.20233,6.12775,6.98354,7.62792,5.88391,8.69418,9.17441,9.01316,8.87141,8.71336,8.29598,7.73509,7.02358,6.33667,5.8761,5.48054,5.08366,4.69746,4.36185,4.09983,3.88199,3.70151,3.52846,3.33528,3.22338
esp,Spain,0.64799,0.83571,1.08925,1.30302,1.50322,1.7046,1.61608,0.92882,0.59144,0.55907,0.51373,0.49005,0.47773,0.46241,0.44297,0.40774,0.37659,0.36791,0.33851,0.30058,0.28403,0.25555,0.22574,0.1992,0.17797,0.16394,0.177,0.17224,0.16555,0.15841
est,Estonia,0.00314,0.00316,0.00301,0.00281,0.00535,0.00348,0.01867,0.01593,0.0164,0.00748,0.02495,0.02537,0.02372,0.04464,0.11254,0.18882,0.26735,0.21419,0.24916,0.30347,0.28578,0.36166,0.31256,0.3366,0.29938,0.2869,0.2556,0.24065,0.22751,0.21629
eth,Ethiopia,1.62677,2.52029,3.58294,4.76754,6.00592,7.23759,8.4359,9.46851,10.27198,10.49219,10.79987,11.72008,11.89462,11.86009,11.72435,11.11923,10.22528,9.47286,8.64652,7.88923,7.25004,6.69995,6.40295,6.31054,6.10411,5.80652,5.49161,5.22268,4.93323,4.75493
fin,Finland,0.02908,0.0387,0.04547,0.04285,0.04116,0.04742,0.06124,0.02197,0.02189,0.02617,0.02245,0.01011,0.01884,0.02731,0.02281,0.01925,0.02764,0.0333,0.01752,0.01041,0.02258,0.01641,0.01837,0.01136,0.01005,0.0114,0.01106,0.01062,0.01019,0.00972
fji,Fiji,0.05171,0.06856,0.08601,0.10152,0.11816,0.13389,0.14835,0.16315,0.18485,0.19114,0.1981,0.22113,0.23242,0.24455,0.25154,0.23321,0.21677,0.20533,0.19518,0.18728,0.18505,0.19792,0.1772,0.15181,0.14258,0.1413,0.14812,0.13474,0.1257,0.11999
fra,France,0.59389,0.77228,0.88901,0.95271,1.02001,0.97903,0.74498,0.32891,0.25901,0.2472,0.24484,0.23507,0.23302,0.21822,0.22244,0.19432,0.19235,0.16568,0.14861,0.12393,0.11025,0.09248,0.09248,0.09838,0.07907,0.08757,0.08685,0.0833,0.07968,0.07575
fsm,"Micronesia, Fed. Sts.",0.74017,0.77105,0.79472,0.81234,0.82372,0.82364,0.82045,0.80814,0.79435,0.78078,0.7578,0.77222,0.7329,0.8089,0.91568,1.07008,1.2338,1.38118,1.57406,1.7775,1.99276,2.20883,2.41802,2.72169,3.09025,3.49224,3.87222,4.14661,4.48274,4.82992
gab,Gabon,1.45786,2.16871,3.12373,4.2602,5.59168,7.09299,8.5931,10.41694,12.09438,13.60644,14.9636,16.03127,16.99411,17.42905,17.16547,16.07115,15.2373,15.59686,15.7741,15.60907,15.28923,14.83088,13.6879,11.98255,11.22683,11.08096,10.66847,10.2704,9.79847,9.5085
gbr,UK,0.0717,0.09154,0.099,0.1133,0.13188,0.13189,0.09345,0.06744,0.0414,0.04323,0.04422,0.04861,0.04933,0.05717,0.04959,0.05495,0.05807,0.06056,0.05997,0.05988,0.05876,0.04856,0.04616,0.04753,0.03711,0.04533,0.04458,0.04123,0.03896,0.03744
geo,Georgia,0.00331,0.00322,0.0031,0.00313,0.00313,0.00336,0.00349,0.00334,0.0057,0.00454,0.00344,0.00356,0.00357,0.00345,0.0036,0.00248,0.00268,0.00568,0.0078,0.01094,0.016,0.02854,0.09774,0.05993,0.12104,0.11046,0.06683,0.05783,0.05178,0.04732
gha,Ghana,1.81636,2.47935,3.26586,4.19352,5.12852,6.222,7.25583,8.13416,9.14396,9.93347,10.57469,11.04998,11.44817,11.72804,11.81505,11.72866,11.49507,11.12237,10.70327,10.21588,9.68686,9.05229,8.59822,8.54012,8.43263,8.12497,7.83054,7.59173,7.31929,7.05055
gin,Guinea,0.23143,0.33432,0.46917,0.64086,0.84182,1.08892,1.38238,1.67563,1.98215,2.32561,2.66254,3.01657,3.33152,3.63436,3.90207,4.05962,4.00777,4.00873,4.03852,3.84125,3.63641,3.56634,3.39566,3.35935,3.4174,3.57257,3.71761,3.73067,3.63439,3.56144
gmb,Gambia,0.2493,0.38674,0.57865,0.85851,1.21831,1.67917,2.23964,2.83068,3.616,4.37881,5.19265,5.99324,6.73694,7.42797,8.01735,8.31688,8.59813,8.89202,9.04923,8.86378,8.33558,7.71667,7.44436,7.79891,8.19723,8.36867,8.32823,8.14999,8.06694,7.99383
gnb,Guinea-Bissau,0.32424,0.49576,0.73482,1.05623,1.45373,1.98044,2.45013,3.13658,3.81862,4.51225,5.57388,6.35436,7.08879,7.77305,8.38035,8.75663,9.25702,9.32656,9.03991,8.96415,8.995,8.79497,8.31691,8.08899,8.01391,7.86204,7.42103,7.15716,6.99321,6.78383
gnq,Equatorial Guinea,0.32573,0.49193,0.72757,1.04272,1.45343,1.97919,2.66407,3.66743,4.8239,6.20119,7.8498,9.84122,11.96499,13.92075,15.75194,16.98178,18.72139,19.87399,20.43325,21.54085,23.45081,25.82727,26.5929,25.45341,25.64653,27.61302,28.22962,27.3279,27.43954,27.76553
grc,Greece,0.04066,0.04111,0.06611,0.06897,0.07468,0.06561,0.05934,0.03702,0.04037,0.03201,0.02796,0.01715,0.02641,0.01952,0.0153,0.01169,0.00928,0.01881,0.00856,0.01721,0.01852,0.02,0.03328,0.03761,0.04445,0.04024,0.02508,0.022,0.01927,0.01747
grd,Grenada,0.8124,0.55153,0.65888,0.78506,0.89936,0.94436,1.1028,1.05888,1.10724,1.13173,1.18236,1.29328,1.22225,1.2054,1.1579,1.02707,0.97012,0.91839,0.88077,0.84191,0.89277,0.83967,0.86142,0.81987,0.9863,0.99208,0.75046,0.7282,0.69707,0.66737
gtm,Guatemala,0.34159,0.36727,0.38375,0.41765,0.4318,0.49664,0.51672,0.59895,0.61629,0.73869,0.62323,0.68996,0.86065,0.92383,1.0088,1.15898,1.19632,1.12287,1.10589,1.00271,0.88157,0.86275,0.76833,0.69704,0.75396,0.66067,0.72459,0.73157,0.72221,0.71414
guy,Guyana,1.34414,0.98464,1.20995,2.01334,2.49911,2.8596,4.01119,3.16587,3.46447,4.19693,5.01286,6.55553,6.62905,5.8431,5.44453,5.10566,4.73925,4.39977,3.83062,3.51996,3.31337,3.48547,3.56887,3.10102,3.07033,3.01433,2.93499,2.88035,2.81479,2.74031
hnd,Honduras,0.28277,0.34119,0.38641,0.42975,0.48018,0.50322,0.53201,0.56832,0.41183,0.62951,0.65856,0.68215,0.70555,0.66723,0.43312,0.27215,0.22754,0.21199,0.20224,0.1999,0.18989,0.18329,0.15925,0.1606,0.15826,0.15314,0.16822,0.16991,0.17381,0.17479
hrv,Croatia,0.0126,0.01788,0.01808,0.01691,0.03217,0.02713,0.03114,0.03419,0.02284,0.01233,0.02565,0.0122,0.02179,0.0156,0.01242,0.00931,0.0234,0.00685,0.01495,0.03157,0.02381,0.02138,0.02454,0.01678,0.01764,0.02154,0.01553,0.0158,0.0152,0.0145
hti,Haiti,3.47209,4.96179,6.65718,8.17474,9.82881,11.45328,12.77165,13.8128,14.70644,15.3584,15.74999,15.87823,15.82121,15.5833,14.39803,14.60378,13.61648,12.58881,11.58012,11.03728,3.252,10.07016,9.89993,9.17321,8.69168,8.21661,7.29127,6.41991,6.0398,5.9717
hun,Hungary,0.11508,0.14514,0.14734,0.18518,0.16459,0.168,0.14993,0.13938,0.1258,0.12489,0.11733,0.10006,0.09262,0.08084,0.08435,0.07032,0.06471,0.06364,0.04653,0.0563,0.05222,0.05097,0.04649,0.02721,0.03791,0.02643,0.02522,0.0294,0.02899,0.02911
idn,Indonesia,0.00087,0.00544,0.01099,0.01696,0.02446,0.0329,0.04209,0.05164,0.06115,0.07088,0.08121,0.09206,0.10418,0.11893,0.12297,0.15712,0.17658,0.18244,0.18674,0.19875,0.22326,0.25564,0.28373,0.30237,0.31915,0.32554,0.32395,0.31736,0.32116,0.32967
ind,India,0.01375,0.02038,0.03605,0.06831,0.12322,0.20654,0.32348,0.46412,0.65402,0.88617,1.1167,1.32965,1.53808,1.71841,1.92137,1.96299,1.9554,1.87516,1.75587,1.64527,1.47259,1.2922,1.14734,1.02372,0.89045,0.74502,0.64116,0.54919,0.50182,0.49459
irl,Ireland,0.03762,0.06207,0.10435,0.12533,0.11296,0.17244,0.11716,0.05807,0.04998,0.07444,0.01761,0.0407,0.03763,0.05838,0.04566,0.02943,0.01479,0.05459,0.06608,0.05552,0.04711,0.04725,0.04158,0.0419,0.02933,0.0327,0.03163,0.03008,0.0283,0.02667
irn,Iran,0.01078,0.01436,0.01679,0.01916,0.02164,0.02421,0.0272,0.03063,0.03564,0.04199,0.04995,0.05903,0.07005,0.0762,0.09639,0.10908,0.12009,0.13088,0.14033,0.14958,0.16405,0.18544,0.20329,0.21631,0.22807,0.23751,0.25172,0.26522,0.28175,0.30089
irq,Iraq,0.00548,0.00635,0.00718,0.00822,0.00939,0.0107,0.01225,0.01398,0.01606,0.01852,0.02132,0.0245,0.02797,0.02787,0.02976,0.03076,0.02997,0.03149,0.03737,0.03985,0.04275,0.04699,0.0494,0.04746,0.04312,0.0443,0.04288,0.04305,0.04869,0.04615
isl,Iceland,0.11396,0.13526,0.15652,0.18008,0.19531,0.19615,0.17943,0.10911,0.08808,0.08887,0.08573,0.08284,0.0804,0.07888,0.07722,0.07254,0.06897,0.07027,0.06689,0.06261,0.06117,0.05807,0.05555,0.05569,0.05302,0.05694,0.05578,0.04413,0.0431,0.0419
isr,Israel,0.13249,0.15638,0.15099,0.20405,0.11339,0.17269,0.08983,0.10603,0.10457,0.08775,0.08326,0.09445,0.07468,0.08606,0.07932,0.08559,0.08195,0.12911,0.09052,0.09608,0.08015,0.10241,0.11141,0.11097,0.08756,0.10612,0.0903,0.08526,0.08037,0.07656
ita,Italy,0.35017,0.47393,0.59148,0.71351,0.81277,0.8627,0.78972,0.45664,0.25721,0.20707,0.18406,0.17821,0.17552,0.23606,0.21049,0.19984,0.1774,0.18239,0.16892,0.15383,0.14535,0.13774,0.14304,0.12729,0.1136,0.10925,0.1114,0.10732,0.10159,0.09666
jam,Jamaica,1.41689,1.66726,1.80225,1.93908,2.13253,2.3731,2.6426,2.89169,3.21386,3.5313,4.38397,4.56978,4.33358,3.92789,4.24254,2.50658,3.45697,3.08014,2.78998,2.29042,3.67165,2.71342,2.91711,2.82573,2.55033,2.44351,2.38185,2.3147,2.23892,2.14585
jor,Jordan,0.01472,0.01782,0.02039,0.02358,0.02585,0.02972,0.03252,0.03733,0.04117,0.04433,0.05096,0.05461,0.06062,0.0681,0.07316,0.06596,0.05681,0.05919,0.06498,0.07178,0.08125,0.09087,0.10137,0.10328,0.10934,0.10811,0.10321,0.09694,0.08778,0.08515
jpn,Japan,0.00844,0.00912,0.009,0.00898,0.00996,0.01897,0.01996,0.0215,0.01876,0.01778,0.01659,0.01841,0.0175,0.01878,0.01807,0.01878,0.0189,0.0201,0.01799,0.01735,0.01795,0.0168,0.01644,0.01655,0.01459,0.01526,0.01442,0.01353,0.01245,0.01148
kaz,Kazakhstan,0.0625,0.07983,0.08537,0.08118,0.10884,0.15635,0.20682,0.22241,0.21335,0.19457,0.14874,0.144,0.15038,0.14193,0.15285,0.17907,0.17401,0.16287,0.19315,0.19996,0.20312,0.19119,0.17848,0.18932,0.18811,0.20658,0.19511,0.19508,0.19066,0.18742
ken,Kenya,11.1676,15.41157,19.84385,24.19604,28.07628,31.63379,34.40104,36.29458,37.69884,38.73906,39.41943,39.6683,39.46636,38.94536,37.91892,36.40467,34.37234,31.92453,29.57452,27.73647,26.11589,24.63838,23.41341,22.72147,22.03775,20.71949,19.28747,18.12162,17.5401,17.41641
kgz,Kyrgyz Republic,0.08344,0.12439,0.10408,0.13723,0.14034,0.1709,0.20401,0.23733,0.33433,0.3976,0.35322,0.42045,0.34519,0.32709,0.29927,0.3433,0.31508,0.35055,0.2783,0.34854,0.33464,0.40216,0.47442,0.54423,0.58796,0.51676,0.51633,0.50942,0.50352,0.49168
khm,Cambodia,0.00729,0.02197,0.09761,0.30055,0.67519,1.26249,2.03831,2.95435,3.91401,4.87251,5.69189,6.41847,6.93294,7.21849,7.23311,6.94928,6.31927,5.42834,4.58142,3.8853,3.31091,2.82942,2.48084,2.23585,2.05486,1.87978,1.72774,1.57779,1.41641,1.28294
kir,Kiribati,0.06819,0.08659,0.10346,0.11612,0.12516,0.1283,0.13001,0.13147,0.13489,0.13972,0.14544,0.14975,0.15318,0.15669,0.15671,0.15567,0.15654,0.15281,0.15669,0.16113,0.16033,0.15783,0.14103,0.13716,0.14638,0.15292,0.15957,0.14203,0.13205,0.14025
kna,St. Kitts and Nevis,0.30486,0.47574,0.63426,0.8219,0.99789,1.18793,1.42872,1.69515,1.95867,2.30116,2.64603,2.97809,3.29801,3.59396,3.8754,4.08813,4.21274,4.35089,4.55213,4.76758,5.06156,5.30263,5.5094,5.65214,5.78296,5.93575,6.1172,6.28295,6.44084,6.36826
kor,South Korea,0.02188,0.0232,0.02543,0.02453,0.0238,0.01161,0.01586,0.01306,0.01673,0.01677,0.01869,0.02182,0.03222,0.0309,0.03364,0.03836,0.04143,0.04882,0.04797,0.05034,0.0592,0.05982,0.05964,0.05518,0.057,0.04705,0.05029,0.04785,0.04578,0.04339
kwt,Kuwait,0.03882,0.03252,0.05757,0.09659,0.03594,0.08895,0.04191,0.02266,0.0202,0.03358,0.02603,0.02905,0.05124,0.04713,0.03833,0.09248,0.03918,0.05685,0.04109,0.05067,0.04636,0.02569,0.04438,0.02189,0.03179,0.032,0.03165,0.0308,0.02983,0.02886
lao,Lao,0.00005,0.00036,0.00117,0.00258,0.00485,0.00854,0.01375,0.02148,0.03318,0.05173,0.08048,0.12393,0.18486,0.25896,0.34537,0.42884,0.50554,0.59283,0.67911,0.75357,0.84425,0.94429,1.0153,1.04319,1.0521,1.02966,0.99825,0.95561,0.89495,0.83848
lbn,Lebanon,0.21517,0.26085,0.28177,0.30087,0.31854,0.33279,0.33977,0.34626,0.34857,0.34897,0.34541,0.33332,0.31203,0.28841,0.26696,0.24751,0.22562,0.2204,0.20828,0.20413,0.20774,0.20937,0.20334,0.19495,0.18907,0.18599,0.18362,0.18059,0.17683,0.18045
lbr,Liberia,0.31865,0.5015,0.71933,0.95648,1.24749,1.68963,2.02804,2.6774,3.19306,3.71321,4.28209,4.87347,5.3253,5.75946,6.8682,7.30136,7.30727,7.21745,7.32918,7.20047,6.81964,6.57845,6.65781,6.85044,5.76874,6.53416,6.98803,6.56525,5.88703,5.58539
lby,Libya,0.03975,0.04658,0.05361,0.06166,0.06993,0.0796,0.07948,0.09986,0.11002,0.12316,0.13875,0.1579,0.17659,0.2012,0.23146,0.25612,0.27201,0.2653,0.2677,0.26675,0.28355,0.22753,0.30246,0.3103,0.24702,0.24631,0.24049,0.26461,0.26638,0.2694
lca,St. Lucia,0.87393,0.58346,0.69893,0.80002,0.92782,0.90181,1.11221,0.93468,0.89835,1.08199,1.23116,1.21843,1.15998,1.14877,1.06374,0.9477,0.90484,0.89308,0.76534,0.76051,0.79172,0.76891,0.72453,0.67546,0.80439,0.66455,0.59405,0.56537,0.53906,0.51734
lka,Sri Lanka,0.02807,0.03426,0.04069,0.04915,0.05387,0.05405,0.05796,0.05986,0.06478,0.06791,0.06818,0.07291,0.07542,0.07329,0.05591,0.06916,0.06378,0.05981,0.05295,0.0505,0.05193,0.0568,0.05693,0.05559,0.05092,0.04625,0.04177,0.03617,0.03145,0.02843
lso,Lesotho,2.85186,4.6933,7.30805,10.79693,14.9934,19.80605,24.82542,29.52611,33.19967,36.50191,38.89452,41.10478,42.48919,43.53956,44.32988,44.34383,43.37639,40.66924,37.42112,35.61515,34.17079,34.4854,35.64348,36.57835,37.17219,36.78355,35.36274,33.86394,33.38467,33.32448
ltu,Lithuania,0.07251,0.07565,0.05435,0.05863,0.10485,0.12332,0.07203,0.06397,0.105,0.16877,0.14575,0.14755,0.14952,0.1722,0.20655,0.14146,0.1417,0.16563,0.18792,0.1911,0.21566,0.1906,0.16794,0.15769,0.18816,0.17047,0.18681,0.17381,0.1653,0.15878
lux,Luxembourg,0.14028,0.17861,0.20441,0.26148,0.27573,0.28454,0.24127,0.16067,0.12099,0.11518,0.1072,0.10226,0.10087,0.09788,0.09626,0.08918,0.08446,0.08362,0.07762,0.07072,0.06836,0.06636,0.06398,0.06318,0.05956,0.06766,0.0658,0.06391,0.06196,0.06008
lva,Latvia,0.12313,0.12614,0.20837,0.19086,0.1961,0.23838,0.24233,0.28013,0.26276,0.29539,0.30202,0.2526,0.25055,0.30281,0.25157,0.25861,0.29024,0.28767,0.37941,0.35426,0.44629,0.44446,0.48161,0.50846,0.49702,0.5184,0.49444,0.47431,0.45172,0.43207
mar,Morocco,0.05777,0.07109,0.08428,0.10032,0.12018,0.1407,0.16511,0.18933,0.21667,0.24502,0.28467,0.32448,0.36272,0.39347,0.4038,0.40399,0.41378,0.42729,0.4386,0.43814,0.44258,0.45639,0.4459,0.39429,0.35909,0.33042,0.29789,0.26835,0.24016,0.21646
mco,Monaco,0.09565,0.11096,0.12618,0.13879,0.14909,0.15777,0.15986,0.1552,0.15183,0.15021,0.1508,0.15186,0.15092,0.15128,0.15207,0.15354,0.15528,0.15733,0.15919,0.16126,0.16291,0.16488,0.1672,0.17002,0.17305,0.17704,0.16432,0.15459,0.15878,0.16254
mda,Moldova,0.12655,0.17116,0.15755,0.21291,0.25888,0.24413,0.31393,0.30617,0.31286,0.36254,0.43113,0.36181,0.39742,0.39221,0.46238,0.45415,0.47066,0.51714,0.51204,0.46326,0.44395,0.47856,0.42126,0.41208,0.40444,0.37696,0.3477,0.39756,0.39637,0.39838
mdg,Madagascar,0.00094,0.00201,0.00407,0.00782,0.01472,0.0262,0.05864,0.10628,0.16004,0.23035,0.31612,0.413,0.50997,0.6128,0.71378,0.8167,0.90722,0.98809,1.05958,1.12152,1.18013,1.23806,1.29852,1.36169,1.4186,1.46949,1.48952,1.51275,1.54771,1.55488
mdv,Maldives,0.0055,0.00645,0.00761,0.00904,0.01079,0.01265,0.01473,0.01729,0.0206,0.02387,0.0274,0.03101,0.03615,0.04117,0.04158,0.0521,0.04606,0.03982,0.04241,0.04663,0.05054,0.05338,0.05496,0.05568,0.05618,0.05673,0.05671,0.05698,0.05739,0.0578
mex,Mexico,0.46742,0.57983,0.70414,0.83817,0.90515,1.01217,1.09697,1.04445,1.06336,1.09095,1.07246,1.11233,1.10644,1.10108,1.11804,1.08258,1.11348,1.13752,1.11312,1.03864,1.00157,0.99211,0.95034,0.87935,0.83442,0.81645,0.76209,0.73373,0.7123,0.68443
mhl,Marshall Islands,0.13946,0.17946,0.21937,0.25925,0.30888,0.33922,0.36389,0.38344,0.40143,0.4167,0.42139,0.43926,0.44737,0.45619,0.46137,0.46732,0.48038,0.49337,0.5238,0.5569,0.57503,0.59139,0.6023,0.63367,0.68516,0.73671,0.79347,0.82606,0.88639,0.94954
mkd,North Macedonia,0.0035,0.00397,0.0042,0.00453,0.005,0.00545,0.00602,0.00633,0.00649,0.00724,0.00824,0.00791,0.00732,0.00826,0.00991,0.01155,0.0129,0.01276,0.01211,0.00988,0.00964,0.01099,0.01182,0.01177,0.01113,0.01019,0.00872,0.00786,0.00776,0.008
mli,Mali,0.32974,0.48261,0.67991,0.92625,1.20448,1.52149,1.85596,2.13223,2.43497,2.89267,3.18838,3.45915,3.65517,3.78503,3.79982,3.79122,3.61463,3.28166,3.05949,2.90116,2.7839,2.68036,2.70468,2.94974,3.1498,3.05724,2.85708,2.62263,2.37074,2.25018
mlt,Malta,0.09565,0.11798,0.14015,0.16145,0.18498,0.19831,0.18252,0.10544,0.08111,0.07794,0.07329,0.06993,0.06776,0.06696,0.06748,0.06456,0.06232,0.06317,0.06001,0.0562,0.05482,0.05169,0.04981,0.0493,0.04468,0.04929,0.04401,0.04165,0.03946,0.03724
mmr,Myanmar,0.00834,0.02735,0.09398,0.20876,0.33181,0.48747,0.67083,0.87343,1.10009,1.34676,1.62403,1.92791,2.24287,2.55893,2.85349,3.1466,3.36915,3.52762,2.7763,3.6373,3.6275,3.51735,3.32217,3.0629,2.74884,2.36666,1.98201,1.58788,1.34439,1.14078
mne,Montenegro,0.01936,0.02257,0.0253,0.02757,0.03008,0.03344,0.03706,0.0405,0.04522,0.04985,0.05095,0.04923,0.04723,0.04557,0.04599,0.04381,0.03645,0.03093,0.02913,0.02677,0.02678,0.02819,0.0275,0.02508,0.02531,0.02455,0.02329,0.0215,0.02044,0.01994
mng,Mongolia,0.00005,0.00011,0.00028,0.00063,0.00127,0.00239,0.00438,0.00744,0.01102,0.01457,0.01794,0.02069,0.02304,0.02471,0.02553,0.02589,0.02676,0.02851,0.03074,0.03377,0.038,0.04164,0.04535,0.05011,0.0537,0.05535,0.0569,0.05858,0.06052,0.06112
moz,Mozambique,1.06861,1.62474,2.41583,3.49998,4.86592,6.44322,8.28364,10.3541,12.6281,14.95466,17.30839,19.80855,22.08721,24.17072,25.95496,27.33873,27.04953,25.88241,25.55066,25.91142,26.63064,27.2817,28.1897,28.3015,27.322,26.42845,26.06144,25.80823,25.4027,25.08457
mrt,Mauritania,0.18461,0.213,0.23488,0.24926,0.25536,0.25818,0.25503,0.24914,0.24057,0.23297,0.22557,0.21842,0.21345,0.20811,0.2027,0.18713,0.16036,0.13132,0.11372,0.10532,0.10649,0.10961,0.10928,0.10978,0.1099,0.10816,0.10752,0.10525,0.1012,0.09903
mus,Mauritius,0.15592,0.04018,0.02692,0.02586,0.02788,0.02723,0.03442,0.02071,0.04874,0.02587,0.14054,0.10159,0.13486,0.19368,0.2276,0.27685,0.40867,0.6593,0.61168,0.44471,0.80309,0.76835,0.95767,1.18885,1.22962,0.98513,1.32024,0.99974,0.92163,0.86049
mwi,Malawi,8.65755,11.18782,13.91828,16.97588,20.33585,23.45553,26.13273,28.50261,30.37451,31.99155,33.60784,34.76176,35.77544,36.79515,37.42565,37.44646,36.33973,34.27579,31.45841,28.88519,26.8513,24.65553,21.80548,19.22642,17.81979,16.85964,15.88187,14.57318,13.08218,12.23433
mys,Malaysia,0.05266,0.12637,0.26537,0.4322,0.60564,0.78997,1.03655,1.27265,1.50263,1.54006,1.77159,1.91546,1.9534,1.87953,1.82064,1.7689,1.72599,1.69547,1.61904,1.55701,1.63175,1.74852,1.83493,1.91425,1.81956,1.68499,1.49895,1.202,0.96324,0.87277
nam,Namibia,2.19148,3.58868,5.65444,8.48711,11.84844,16.05331,20.3009,24.47629,28.15358,31.45221,34.04704,36.74649,38.84988,40.41033,40.61536,39.23643,36.45579,32.45875,28.8962,27.41573,26.4228,24.81681,23.19827,22.53664,23.47103,23.92717,23.64344,22.8468,21.21978,20.09021
ner,Niger,0.18926,0.27303,0.38816,0.52411,0.69047,0.84817,1.06872,1.26318,1.4449,1.59711,1.71728,1.82349,1.93149,1.97557,2.05167,2.00959,1.95484,1.85653,1.81367,1.58476,1.35737,1.24375,1.12809,1.06689,1.09328,1.08861,0.98326,0.85289,0.75125,0.70802
nga,Nigeria,0.57788,0.84968,1.2175,1.65285,2.14923,2.68013,3.18711,3.74486,4.35918,4.92156,5.31954,5.67697,5.91198,6.06229,6.14487,6.1315,5.93542,5.73959,5.49389,5.18078,5.07868,5.05131,4.89499,4.60757,4.45482,4.56317,4.73338,4.88932,5.08262,5.1799
nic,Nicaragua,0.10413,0.11312,0.12592,0.13956,0.15737,0.16098,0.18271,0.22452,0.22676,0.32864,0.39991,0.46962,0.54236,0.62536,0.71139,0.78282,0.88634,0.89766,0.92308,0.96216,1.14235,1.37525,1.57007,1.71975,1.86553,2.03719,1.92293,1.89971,1.88842,1.93196
nld,Netherlands,0.24191,0.26521,0.35779,0.3704,0.38123,0.3735,0.27798,0.16353,0.12391,0.12345,0.11864,0.11391,0.08671,0.08574,0.08182,0.07263,0.0443,0.06243,0.04813,0.05906,0.0435,0.05042,0.0401,0.03857,0.03618,0.03859,0.04115,0.03453,0.03266,0.03098
nor,Norway,0.07068,0.08472,0.11456,0.13235,0.11561,0.12653,0.12364,0.07027,0.07467,0.0375,0.03953,0.03545,0.03833,0.05245,0.0605,0.06227,0.04695,0.03207,0.04071,0.0542,0.03937,0.04806,0.0483,0.02967,0.04438,0.03032,0.03462,0.03484,0.03388,0.03309
npl,Nepal,0.00002,0.00021,0.00072,0.00182,0.00438,0.00911,0.01795,0.03473,0.06566,0.12042,0.20421,0.31883,0.449,0.61982,0.78915,0.97143,1.1325,1.25092,1.31423,1.31619,1.34603,1.35699,1.31041,1.23227,1.15952,1.02439,0.98508,0.90679,0.82623,0.7461
nru,Nauru,0.03745,0.04622,0.05528,0.06494,0.07483,0.08484,0.09573,0.10796,0.12271,0.13994,0.15993,0.18052,0.20403,0.23097,0.25638,0.28318,0.31559,0.3443,0.38886,0.43754,0.48085,0.52756,0.56887,0.63643,0.73101,0.82488,0.92682,1.00158,1.11316,1.23564
nzl,New Zealand,0.19605,0.23121,0.21605,0.19464,0.19987,0.13133,0.14028,0.12729,0.06098,0.08475,0.07698,0.05541,0.04823,0.04371,0.05308,0.05234,0.05997,0.04073,0.02786,0.03322,0.05246,0.03433,0.03919,0.03818,0.05426,0.02149,0.0293,0.02849,0.02653,0.02521
omn,Oman,0.04077,0.04965,0.06035,0.07099,0.08209,0.09647,0.11607,0.1406,0.16801,0.19996,0.24395,0.22707,0.19011,0.21308,0.26327,0.3156,0.36504,0.42649,0.51182,0.5704,0.62671,0.68889,0.74525,0.7658,0.76896,0.76685,0.77837,0.79926,0.81629,0.79666
pak,Pakistan,0.02412,0.02762,0.03067,0.03314,0.03494,0.0356,0.03625,0.03631,0.03663,0.03653,0.03656,0.03693,0.0379,0.03939,0.04174,0.04289,0.04992,0.05698,0.06439,0.07304,0.08597,0.10202,0.12229,0.14172,0.16308,0.18611,0.20377,0.22492,0.24776,0.2645
pan,Panama,1.58979,1.77914,1.94339,2.09513,2.35618,2.5771,2.92399,3.17196,3.73911,4.11807,4.19229,4.14585,3.99257,3.44328,3.53008,3.43055,3.48486,3.33965,3.29418,3.30582,3.47614,2.92144,2.98152,3.17671,2.8654,3.22553,2.99477,2.91437,2.85201,2.76461
per,Peru,0.35717,0.4008,0.46673,0.52939,0.60217,0.6757,0.79584,0.91017,1.04423,1.24354,1.39687,1.61132,1.77663,1.8245,1.88625,1.99585,2.07463,2.01993,1.85025,1.61688,1.47573,1.35766,1.43363,1.68257,1.96504,2.12378,2.14047,2.01261,1.82251,1.59847
phl,Philippines,0.20657,0.23377,0.26536,0.29451,0.32835,0.36512,0.40534,0.45277,0.49894,0.55793,0.60676,0.65891,0.71742,0.79588,0.87666,0.96448,1.14672,1.13593,1.08833,1.0391,0.96421,0.99673,0.95263,0.9025,0.89437,0.94087,0.88082,0.85583,0.84262,0.82229
plw,Palau,0.03391,0.04393,0.05493,0.06656,0.0796,0.09328,0.10838,0.12676,0.14574,0.16493,0.1862,0.20895,0.2332,0.25891,0.2778,0.29486,0.31969,0.3459,0.37728,0.40866,0.43934,0.47786,0.51937,0.5646,0.6153,0.66767,0.72718,0.77791,0.83705,0.8984
png,Papua New Guinea,0.00556,0.01179,0.02496,0.05124,0.13148,0.28814,0.51869,0.86821,1.27799,1.97435,2.70973,3.49486,4.24463,4.88202,5.35533,5.69027,5.84288,5.77694,5.7324,5.79214,5.94389,6.02985,5.96128,5.84108,5.63748,5.54738,5.56308,5.56368,5.48195,5.40043
pol,Poland,0.00524,0.00378,0.00469,0.00478,0.00427,0.00485,0.00717,0.01153,0.01832,0.03853,0.0402,0.03457,0.04125,0.03971,0.04243,0.04212,0.03371,0.04221,0.048,0.03182,0.04337,0.04244,0.0388,0.03788,0.03717,0.04472,0.03476,0.03589,0.03451,0.03317
prk,North Korea,0.01828,0.02364,0.03101,0.03903,0.04812,0.0381,0.04899,0.05775,0.06763,0.07881,0.09149,0.10578,0.115,0.15841,0.16994,0.18258,0.1687,0.16189,0.16938,0.16588,0.16704,0.16968,0.1651,0.17886,0.21694,0.25701,0.28655,0.30525,0.31471,0.32046
prt,Portugal,0.21174,0.29805,0.44123,0.54656,0.79933,1.07211,1.26838,1.14866,1.08941,1.16664,1.11115,1.06967,1.04113,1.01216,0.97423,1.00282,0.904,0.90047,0.8232,0.74485,0.70203,0.63138,0.53961,0.49086,0.41142,0.48285,0.46888,0.45271,0.43411,0.41426
pry,Paraguay,0.20512,0.24444,0.26624,0.29241,0.32361,0.35405,0.39126,0.45392,0.51725,0.59068,0.68523,0.80937,0.94372,1.07297,1.2046,1.45579,1.50799,1.47669,1.55948,1.58322,1.72358,2.0119,2.23081,2.29217,2.38533,2.36098,2.23782,2.11383,1.88602,1.68933
pse,Palestine,0.00647,0.00802,0.00977,0.01182,0.01433,0.01698,0.01989,0.02319,0.02691,0.03056,0.02985,0.03106,0.03241,0.03992,0.04466,0.05395,0.05069,0.06192,0.0529,0.05505,0.07608,0.07584,0.07576,0.08243,0.08092,0.07989,0.0802,0.07905,0.08067,0.08224
qat,Qatar,0.15999,0.18052,0.20117,0.22337,0.24743,0.26011,0.25543,0.25264,0.25428,0.26053,0.181,0.1067,0.0932,0.09717,0.10065,0.10189,0.10355,0.1088,0.12265,0.13192,0.13879,0.14033,0.13759,0.13136,0.12434,0.12086,0.11619,0.11172,0.10493,0.09829
rou,Romania,0.08316,0.06461,0.06753,0.09803,0.14524,0.16439,0.18521,0.22206,0.22692,0.19294,0.19316,0.18719,0.1335,0.09818,0.08636,0.07063,0.06583,0.05141,0.04939,0.04074,0.0418,0.06249,0.05799,0.05902,0.07194,0.05962,0.07094,0.06108,0.05759,0.05443
rus,Russia,0.20835,0.22265,0.23537,0.24881,0.27156,0.30506,0.34955,0.36339,0.33719,0.39903,0.40559,0.39642,0.4116,0.4289,0.44808,0.47271,0.50802,0.56061,0.59739,0.66415,0.703,0.81833,0.84933,0.92763,0.99831,1.13299,1.27183,1.16865,1.11016,1.04805
rwa,Rwanda,1.7376,2.29053,3.20528,4.63849,1.03004,7.02096,8.20105,8.73064,10.12004,11.46617,12.59021,13.39777,14.57317,14.94906,14.82509,13.83283,12.0706,10.74725,9.92633,9.02217,8.30417,7.62657,7.05585,6.82612,6.5147,6.04556,5.41969,4.99384,4.68056,4.49008
sau,Saudi Arabia,0.08431,0.09792,0.11281,0.12838,0.14452,0.16144,0.17987,0.19826,0.22026,0.2437,0.27046,0.30178,0.33412,0.36383,0.39104,0.41128,0.42623,0.44023,0.45201,0.46359,0.47575,0.49721,0.51434,0.52575,0.53346,0.52585,0.54028,0.54359,0.54358,0.53674
sdn,Sudan,0.07714,0.1213,0.17147,0.23244,0.30956,0.39455,0.48643,0.58602,0.68835,0.81692,0.93297,1.05145,1.15614,1.2622,1.34452,1.51573,1.61291,1.71526,1.76436,1.7765,1.8848,1.98815,2.13272,2.22285,2.32295,2.41018,2.46425,2.48405,2.52219,2.56663
sen,Senegal,0.31442,0.45573,0.63303,0.85055,1.10458,1.38342,1.70349,2.02315,2.34044,2.66085,2.98619,3.2475,3.44607,3.70909,3.86749,3.95838,3.92612,3.25087,2.50835,2.47339,2.6402,2.77518,2.93685,3.04717,2.91674,2.69116,2.43824,2.15579,1.92821,1.79082
sgp,Singapore,0.05556,0.07134,0.10527,0.16796,0.17978,0.24658,0.37261,0.33768,0.3704,0.38459,0.39228,0.49281,0.43877,0.33425,0.25066,0.24476,0.23018,0.31151,0.25766,0.27377,0.21682,0.12519,0.22986,0.2549,0.26664,0.18132,0.15458,0.17246,0.16372,0.15502
slb,Solomon Islands,0.10598,0.13487,0.16548,0.19198,0.21727,0.24007,0.25921,0.27627,0.29158,0.30459,0.31529,0.32255,0.32787,0.33333,0.3356,0.33876,0.34918,0.34842,0.37253,0.39391,0.39859,0.39833,0.39377,0.40989,0.4441,0.48238,0.52412,0.55204,0.59796,0.64854
sle,Sierra Leone,0.2033,0.29427,0.42193,0.58015,0.74655,0.93945,1.22165,1.5142,1.73284,2.03495,2.43283,2.75298,3.02371,3.289,3.54287,3.74617,3.89895,4.02862,4.11543,4.09439,4.05998,4.03142,4.13562,4.44448,4.25877,4.33308,4.3655,4.12526,4.06007,4.01984
slv,El Salvador,0.26525,0.31968,0.3954,0.4691,0.55568,0.68336,0.84197,1.00089,1.1326,1.42951,1.66807,1.87618,2.20872,2.27409,2.28278,2.18288,2.24403,2.40567,2.43496,2.23336,2.24035,2.05099,1.9249,1.92774,1.87268,1.84812,2.00783,1.91258,1.78928,1.71473
smr,San Marino,0.18552,0.21439,0.24323,0.26707,0.28381,0.30124,0.30666,0.29857,0.29076,0.2848,0.2855,0.2795,0.27335,0.26772,0.26113,0.2578,0.25799,0.25975,0.26559,0.25952,0.25946,0.25907,0.25893,0.25973,0.25999,0.26089,0.23837,0.2223,0.2266,0.23038
som,Somalia,0.02242,0.06692,0.12697,0.22642,0.35915,0.54857,0.78236,1.03196,1.34073,1.6315,1.9072,2.15561,2.35602,2.50988,2.592,2.67754,2.67083,2.60318,2.56565,2.49707,2.2866,2.23152,2.28351,2.23073,2.1653,2.07953,1.96567,1.85476,1.78161,1.75097
srb,Serbia,0.03039,0.03397,0.03763,0.03922,0.03974,0.03979,0.03864,0.03636,0.03814,0.03594,0.03947,0.04299,0.04863,0.05621,0.04952,0.04048,0.04165,0.04544,0.04979,0.05522,0.06467,0.07922,0.08784,0.08801,0.08362,0.07761,0.07123,0.06026,0.04882,0.04102
ssd,South Sudan,0.33052,0.4895,0.70091,0.97243,1.3081,1.70518,2.16217,2.45458,3.01361,3.61948,4.20596,4.79332,5.29269,5.74347,6.20164,6.5661,6.73695,7.0415,7.26165,7.13996,7.29459,7.16186,7.20474,6.98935,6.8514,6.70571,6.50071,6.39039,6.17886,6.033
stp,Sao Tome and Principe,0.02374,0.03022,0.03736,0.04512,0.05207,0.05851,0.06373,0.06802,0.07149,0.07522,0.07949,0.08403,0.08884,0.0939,0.09974,0.06982,0.03907,0.02814,0.02732,0.02775,0.02802,0.02766,0.02661,0.02646,0.0268,0.02731,0.02741,0.02776,0.02835,0.02885
sur,Suriname,2.26166,1.60903,1.59346,1.69561,2.06244,2.77416,3.48162,3.25091,3.29277,3.94812,4.68946,4.65543,5.29548,4.99077,5.07856,4.7403,4.53307,4.18613,3.62045,3.5058,3.68123,3.32172,3.28569,2.8708,3.23102,2.77111,2.62538,2.51436,2.40508,2.31197
svk,Slovak Republic,0.00176,0.00268,0.00372,0.00493,0.00619,0.00717,0.00848,0.00925,0.00983,0.0105,0.01113,0.01091,0.01044,0.0107,0.01108,0.00847,0.00635,0.00598,0.00625,0.00669,0.00792,0.00977,0.0114,0.01123,0.00931,0.00774,0.00762,0.00756,0.00761,0.00767
svn,Slovenia,0.02179,0.01895,0.01549,0.02528,0.01479,0.04488,0.01663,0.0151,0.05072,0.03298,0.02321,0.04473,0.01942,0.01389,0.01207,0.01695,0.0044,0.01955,0.02512,0.00895,0.00659,0.00822,0.01213,0.02542,0.02116,0.01806,0.01334,0.01217,0.01125,0.01049
swe,Sweden,0.07289,0.088,0.09558,0.10277,0.1299,0.14896,0.12501,0.05834,0.03975,0.0354,0.03605,0.04585,0.03749,0.03605,0.03102,0.03448,0.02813,0.03771,0.02449,0.03484,0.02572,0.035,0.02689,0.02247,0.01848,0.02744,0.02669,0.02322,0.02235,0.02176
swz,Eswatini,0.39449,1.15748,2.88318,6.14949,11.0298,17.07181,23.31642,30.0909,35.53498,40.25996,43.53801,45.9755,48.3059,49.90686,50.87658,50.76843,49.77075,48.63118,47.57867,46.58258,44.48171,42.08335,40.7582,39.25605,37.17691,34.97003,32.99721,31.17046,29.71246,28.92228
syc,Seychelles,0.05165,0.09187,0.15069,0.2261,0.31048,0.40628,0.49348,0.57341,0.65218,0.71996,0.78717,0.82908,0.83718,0.83307,0.83011,0.78877,0.74758,0.72379,0.70282,0.68824,0.68979,0.68217,0.69239,0.74649,0.77528,0.76092,0.73481,0.67686,0.60383,0.50497
syr,Syria,0.01142,0.01264,0.01386,0.0158,0.01744,0.01901,0.02096,0.02284,0.02431,0.02678,0.02943,0.03236,0.0346,0.03929,0.04046,0.03969,0.03753,0.03663,0.03497,0.03497,0.03277,0.02639,0.01694,0.01699,0.01293,0.01299,0.01158,0.01252,0.01562,0.01732
tcd,Chad,0.73456,1.0331,1.39403,1.81306,2.24103,2.68268,3.08297,3.44657,3.77817,4.09294,4.31008,4.53337,4.70882,4.8207,4.86193,4.8329,4.49292,4.23641,3.68878,3.18289,3.0819,3.18658,3.32956,3.47678,3.51288,3.19202,3.12564,3.33479,3.20428,3.00791
tgo,Togo,0.91976,1.47895,2.29128,3.37412,4.74416,6.40547,8.2274,10.03992,11.98595,13.80829,15.26154,16.41078,17.22109,17.6219,17.67165,17.04107,16.75472,16.49336,15.98164,14.88991,13.23265,11.93921,11.36385,10.94729,10.63789,10.23625,9.19762,7.95439,6.96877,6.47001
tha,Thailand,0.33797,0.82933,1.54014,2.45134,3.44981,4.4929,5.4726,6.87192,7.69109,8.00924,8.58065,9.28347,9.21332,8.99346,8.36283,7.65287,6.16923,5.07937,4.58761,4.30506,4.11496,4.00695,4.16665,4.67632,4.91493,4.82773,4.5005,4.18864,3.84253,3.51351
tjk,Tajikistan,0.01851,0.02851,0.03404,0.03576,0.05728,0.07325,0.08618,0.10918,0.1266,0.1521,0.17772,0.20211,0.22766,0.25101,0.26983,0.28196,0.29213,0.29163,0.2847,0.27413,0.26306,0.24874,0.23007,0.22155,0.21262,0.18597,0.14776,0.12783,0.1244,0.1241
tkm,Turkmenistan,0.21365,0.23793,0.25534,0.30501,0.32113,0.40546,0.51855,0.59918,0.61006,0.6754,0.73207,0.65785,0.48289,0.48079,0.4842,0.50467,0.43804,0.43969,0.42654,0.50671,0.51253,0.43125,0.38332,0.36176,0.36537,0.3494,0.34183,0.33703,0.32347,0.31614
tls,Timor-Leste,0.24224,0.58269,1.07754,1.60503,2.15799,2.60076,3.14163,3.23922,3.44405,2.75298,3.86861,3.91229,3.90103,3.88232,3.89517,3.8564,3.87008,3.89955,3.95432,3.96916,3.94695,3.93482,3.94118,3.92927,3.8306,3.66516,3.56351,3.40427,3.22049,3.05405
ton,Tonga,0.0475,0.06522,0.08413,0.1005,0.11579,0.13188,0.14436,0.15322,0.1577,0.16266,0.17365,0.18616,0.19573,0.20533,0.21363,0.22465,0.23018,0.23372,0.24052,0.21874,0.25811,0.27159,0.26681,0.26603,0.27311,0.28068,0.28947,0.28099,0.28179,0.28108
tto,Trinidad and Tobago,1.2201,1.43851,2.02365,2.07281,2.47055,2.60234,3.25154,3.44369,3.68163,5.15624,5.54405,5.35176,5.04959,4.20599,3.33794,3.23751,3.11292,2.65053,2.46409,2.44768,2.31621,2.30519,2.47958,2.36904,2.26923,2.17723,2.04829,1.95954,1.87002,1.78254
tun,Tunisia,0.02211,0.0257,0.02991,0.03437,0.03987,0.04464,0.05107,0.05786,0.06553,0.07462,0.08484,0.0965,0.10357,0.10916,0.12039,0.13349,0.14455,0.15623,0.16801,0.17762,0.19144,0.20836,0.22241,0.23131,0.23638,0.23589,0.23461,0.23448,0.22797,0.22211
tur,Turkey,0.00189,0.0027,0.0037,0.00476,0.0059,0.0072,0.00876,0.01034,0.0122,0.01392,0.01774,0.02027,0.02305,0.0268,0.03134,0.03656,0.0298,0.02196,0.0215,0.0235,0.02876,0.03495,0.03993,0.04252,0.04424,0.04595,0.04648,0.04712,0.04848,0.05016
tuv,Tuvalu,0.02467,0.03098,0.0377,0.04485,0.05316,0.06124,0.07024,0.08055,0.09377,0.10895,0.10761,0.14769,0.16988,0.1939,0.21613,0.2376,0.26378,0.28988,0.32272,0.35848,0.39231,0.4312,0.46396,0.50703,0.56365,0.62603,0.69555,0.75403,0.833,0.92187
tza,Tanzania,10.40219,13.1405,15.73174,18.2542,20.38335,22.24117,23.72782,24.8378,25.73788,26.63491,27.3731,27.93073,28.27951,28.51994,28.56407,28.37125,27.33272,25.02052,22.82383,21.57854,20.31344,19.27177,17.18705,14.3819,12.43928,11.22664,10.50565,9.53047,8.34992,7.67907
uga,Uganda,26.6776,27.45856,28.01225,28.13715,28.17608,28.00167,27.59548,27.3518,27.08106,26.87747,26.7203,26.60469,26.26733,26.29754,26.47213,25.83695,24.88532,24.58854,23.88301,22.79263,21.4366,19.91585,17.83926,15.00265,12.49586,11.33307,10.53118,9.68404,8.78537,8.57394
ukr,Ukraine,0.23896,0.24333,0.26608,0.30379,0.34144,0.40961,0.48672,0.56138,0.55437,0.65936,0.75274,0.75138,0.68097,0.73621,0.76818,1.16499,1.23664,1.25833,1.32841,1.35279,1.35296,1.37267,1.34108,0.89845,1.17369,0.96864,1.00391,1.01948,0.97796,0.95486
ury,Uruguay,0.15522,0.16846,0.19783,0.2636,0.29777,0.27546,0.36712,0.30857,0.35274,0.3787,0.44653,0.48826,0.49159,0.51795,0.50264,0.56802,0.47348,0.53873,0.59509,0.60932,0.62156,0.60249,0.60091,0.55116,0.57026,0.55648,0.56339,0.55124,0.5389,0.52414
usa,USA,1.30314,1.50611,1.68066,1.81107,1.98021,1.96034,1.46157,0.84478,0.68524,0.72628,0.67292,0.64232,0.6368,0.62003,0.59811,0.56669,0.54344,0.50983,0.46302,0.42803,0.36947,0.33449,0.31242,0.296,0.28069,0.26202,0.26869,0.26302,0.25083,0.23937
uzb,Uzbekistan,0.10183,0.08769,0.09187,0.09587,0.10716,0.12596,0.13272,0.15774,0.18078,0.21533,0.22133,0.23134,0.22882,0.21812,0.19348,0.19215,0.23368,0.2479,0.25908,0.26503,0.28358,0.28594,0.28153,0.26451,0.29942,0.2963,0.29124,0.29181,0.28992,0.28874
vct,St. Vincent and the Grenadines,2.0617,1.4162,1.57391,1.84974,2.183,2.59817,3.56678,3.19192,3.15322,3.91889,4.86085,4.45874,4.44643,3.92041,3.92967,3.37838,3.4446,3.14083,2.66803,2.55828,2.65374,2.38402,2.34003,2.30906,2.67712,2.87615,2.28514,2.15344,2.04529,1.95142
ven,Venezuela,0.73745,0.67833,0.85919,0.95189,1.06929,0.9225,1.01987,1.24855,1.24318,1.02965,1.29805,1.13929,1.1059,1.09243,1.27435,1.29635,1.29802,1.29636,1.2365,1.29535,1.37259,1.53677,1.47993,1.40698,1.37681,1.33146,1.25421,1.1645,1.09067,1.00481
vnm,Vietnam,0.06641,0.10466,0.15323,0.21009,0.2729,0.34267,0.41827,0.50369,0.61011,0.7277,0.86108,0.99609,1.13539,1.27209,1.40139,1.51805,1.58595,1.54733,1.42357,1.25835,1.25936,1.36767,1.36279,1.30756,1.25867,1.23153,1.17482,1.10915,1.04978,1.01849
vut,Vanuatu,0.14641,0.18861,0.22936,0.26649,0.30244,0.32639,0.34357,0.33164,0.37176,0.37183,0.3986,0.41172,0.42535,0.44039,0.45084,0.46195,0.48268,0.49648,0.52726,0.56091,0.58495,0.59852,0.60301,0.61958,0.64773,0.68397,0.73235,0.75754,0.80885,0.86408
wsm,Samoa,0.12821,0.17076,0.21808,0.26096,0.29898,0.33109,0.35802,0.38276,0.4056,0.4221,0.43576,0.44616,0.45531,0.46262,0.46466,0.46398,0.47793,0.48936,0.51422,0.4835,0.56628,0.5917,0.60616,0.64734,0.69824,0.75086,0.81185,0.85682,0.92357,0.99366
yem,Yemen,0.04936,0.05595,0.06232,0.06881,0.07422,0.0809,0.08637,0.09248,0.09846,0.10541,0.11255,0.12023,0.12811,0.13576,0.14425,0.15318,0.16183,0.1693,0.17288,0.17245,0.17573,0.17429,0.17707,0.18763,0.18814,0.18269,0.17235,0.18793,0.17566,0.19929
zaf,South Africa,0.96951,1.66849,2.71576,4.61102,6.97247,10.34616,14.12092,17.39364,21.48999,26.13781,29.5057,33.29578,35.97035,38.00291,39.96926,41.11854,41.08338,41.0326,40.01887,38.45352,36.88683,35.44103,33.16842,31.24156,29.89391,29.67001,30.54308,30.28017,28.78143,27.53103
zmb,Zambia,11.09364,14.27242,17.64993,21.19414,24.32086,27.03272,29.4132,31.5057,33.17071,34.44421,35.65504,35.9504,37.40721,37.38507,36.95,36.32064,35.07395,32.3089,28.21267,25.22123,23.98892,22.97834,21.77886,20.73064,20.32345,20.18796,19.96878,19.90607,19.18094,18.34132
zwe,Zimbabwe,14.8857,21.1983,27.78464,34.28606,40.28479,44.94287,48.72067,52.26956,53.9671,55.06739,55.31606,55.89245,55.54641,55.02048,53.79244,52.43362,50.24943,47.23633,42.98196,38.80834,34.57646,30.10005,26.82413,24.50845,23.05802,21.96469,20.76969,19.29498,17.55609,16.45861
