geo,name,1980,1981,1982,1983,1984,1985,1986,1987,1988,1989,1990,1991,1992,1993,1994,1995,1996,1997,1998,1999,2000,2001,2002,2003,2004,2005,2006,2007,2008,2009,2010,2011,2012,2013,2014,2015,2016,2017,2018,2019,2020,2021,2022,2023
afg,Afghanistan,82.49,84.3,85.56,86.94,88.6,91,93.88,95.96,97.66,99.23,101.12,101.3,102.59,105.22,105.58,106.35,106.07,105.61,103.9,105.11,104.74,103.93,101.77,105.42,111.16,114.6,118.36,122.49,127.44,134.1,139.25,144.76,150.53,157.59,165.03,172.15,176.64,181.79,187.73,197.17,204.86,230.67,229.99,238.5
ago,Angola,41.49,42.95,44.45,45.88,47.03,48.76,50.92,52.56,54.18,57.4,58.41,59.74,61.22,63.49,65.89,65.96,62.39,63.18,70,74.24,76.42,80.36,84.35,87.07,90.73,95.38,105.93,113.69,122.41,131.9,141.23,151.44,161.29,175.5,192.06,202.31,206.32,213.09,224.37,239.89,251.57,276.18,319.44,352.29
alb,Albania,80.49,82.68,85.2,87.92,90.32,93.48,92.54,91.76,93,96.32,99,98.39,98.73,100.45,101.89,109.67,116.75,115.69,127.75,128.05,136.87,140.97,151.89,164.19,166.78,164.03,167.1,152.63,161.09,165.77,172.6,178.26,187.89,200.45,214.69,229.33,242.36,257.53,256.77,263.6,265.1,283.09,295.11,263.94
and,Andorra,1.81,1.93,2.07,2.2,2.35,2.53,2.68,2.87,3.06,3.24,3.48,3.67,3.91,4.2,4.36,4.59,4.85,5.11,5.34,5.54,5.78,6.04,6.35,6.61,6.84,6.88,7.14,7.47,7.78,8.05,8.19,7.63,7.6,7.93,8.21,8.5,8.79,9.23,9.69,10.24,10.52,11.19,12.03,12.58
are,UAE,14.9,15.79,16.52,17.23,18.09,19.21,19.41,19.68,20.04,20.54,21.69,22.11,22.38,23.3,24,24.07,24.41,25.45,27.48,28.75,30.42,31.32,30.81,30.94,33.26,35.06,35.77,37.17,38.01,38.52,37.86,37.65,37.28,37.67,38.93,40.24,41.34,43.36,45.77,50.7,52.81,56.52,63.32,72.6
arg,Argentina,1288.7,1328.05,1353.97,1449.16,1530.98,1487.17,1481.13,1565.37,1671,1709.67,1784.14,1862.94,1950.53,2013.68,2052.71,2147.06,2195.83,2279.36,2454.29,2559.49,2527.49,2644.73,2746.75,2873.68,2987.5,3047.51,3143.71,3351.63,3377.12,3479.55,3672.47,3800.62,3849.14,4022.41,4072.94,4113.47,4271.13,4230.92,4208.01,4301.49,4120.03,4473.8,4817.67,4682.09
arm,Armenia,99.05,100.21,105.68,109.04,115.15,123.13,134.01,137.64,140.22,153.67,168.63,177.33,190.35,181.93,166.53,153.93,151.78,156.62,164.78,166.09,178.29,182.39,182.94,186.7,193.92,201.17,212.1,206.19,230.41,229.6,213.28,221.54,214.98,203.69,203.22,201.77,198.08,213.78,204.02,227.58,240.24,229.17,215.25,189.69
atg,Antigua and Barbuda,1.35,1.37,1.39,1.42,1.37,1.35,1.35,1.37,1.4,1.43,1.44,1.45,1.45,1.36,1.33,1.43,1.55,1.57,1.53,1.55,1.64,1.7,1.79,1.83,1.84,1.96,1.98,2.04,2.1,2.08,2.16,2.21,2.3,2.37,2.43,2.47,2.59,2.7,2.85,2.94,2.86,2.67,2.83,3.04
aus,Australia,1041.66,1083.65,1178.25,1265.55,1318.53,1403.87,1462.99,1500.82,1636.73,1726.08,1802.9,1868.37,1930.94,2001.79,2081.91,2190.33,2247.4,2278.07,2312.56,2393.15,2529.32,2636.98,2760.8,2781.81,2838.32,2933.31,3008.53,3196.03,3322.78,3394.9,3389.14,3482.41,3550.28,3557.75,3716.97,3702.32,3705.01,3742.17,3884.37,4004.42,3949.8,4146.88,4318.73,4373.21
aut,Austria,722.41,741.96,765.81,779.86,794,786.17,772.45,807.02,823.2,809.94,842.73,885.14,889.96,899.21,912.79,929.39,947.89,980.74,991.44,1020.82,1046.8,1043.44,1094.82,1121.36,1172.75,1164.12,1210.41,1281.64,1344.24,1369.24,1411.53,1451.51,1520.68,1535.31,1621.81,1666.81,1670.26,1681.18,1744.58,1790.37,1828.97,1868.67,1957.36,1936.92
aze,Azerbaijan,158.31,164.89,172.48,181.07,189.19,202.31,208.67,212.52,212.5,210.23,212.97,215.85,220.12,222.66,219.38,218.51,213.34,207.05,203.07,202.37,202.69,200.46,203.52,209.27,213.25,219.3,230.25,238.5,250.63,260.92,262.81,270.51,277.79,286.62,296.54,291.72,303.31,313.18,325.49,357.37,398.35,405.9,341.43,358.48
bdi,Burundi,26.31,27.08,27.81,28.38,28.84,29.35,29.54,29.51,29.25,28.86,28.69,28.34,28.16,28.13,27.13,26.65,26.7,26.32,25.64,25.33,25.41,25.27,25.3,25.14,26,27.22,28.47,30.2,32.24,33.63,35.46,37.85,40.16,41.55,43.75,46.54,49.01,51.9,54.31,58.14,60.65,70.01,74,82
bel,Belgium,835.97,865.67,867.01,877.68,884.08,974.58,984.32,964.92,993.9,1042.41,1105.63,1135.91,1159.46,1161.55,1164.74,1186.53,1201.78,1251.73,1277.34,1321.19,1359.55,1385.19,1461.3,1540.4,1589.79,1635.89,1716.84,1786.03,1879.92,1953.6,2034.23,2115.85,2179.44,2267.25,2314.3,2327.76,2336.15,2323.25,2372.36,2387.92,2414.89,2371.56,2590.92,2513.85
ben,Benin,6.63,6.7,6.79,6.87,6.97,7.13,7.31,7.52,7.79,8.02,8.29,8.71,8.98,9.38,9.65,9.84,10.16,10.39,10.82,11.07,11.53,11.37,11.5,11.51,11.49,11.72,12.29,12.53,13.81,15.15,15.91,16.88,17.66,18.63,19.45,20.5,21.23,22.3,23.18,25.04,26.29,26.93,28.67,31.74
bfa,Burkina Faso,45.11,46.71,48.51,50.38,51.9,53.42,53.89,54,54,54.32,55.12,53.68,53.49,54.13,54.01,54.19,53.81,53.8,54.32,54.36,55.53,54.74,57.59,57.37,59.69,63.08,67.09,68.49,71.52,74.25,76.6,79.53,83.64,86.43,88.1,96.83,99.97,103.73,105.98,108.34,107.32,108.76,138.78,153.31
bgd,Bangladesh,527.45,528.45,534.88,524.48,534.04,539.09,563.16,598.89,649.87,711.91,745.95,881.6,858.32,897.83,932.21,958.63,1013.61,1061.82,1129.1,1189.29,1213.42,1238.11,1274.59,1300.38,1301.33,1320.72,1355.66,1400.43,1443.53,1530.27,1615.8,1681.67,1792.58,1937.94,2096.93,2259.83,2443.07,2634.57,2839.28,3068.98,3295.49,3847.32,4157.5,4571.6
bgr,Bulgaria,421.57,424.19,417.16,461.49,487.41,506.03,501.87,504.74,492.27,489.49,498.05,538.03,523.42,555.39,556.55,599.14,605.87,594.25,607.87,629.11,666.67,668.61,673.51,677.92,694.91,732.59,722.54,743.05,743.86,746.87,768.07,815.94,849.8,845.72,879.58,911.8,908.42,944.91,979.63,1008.83,1040.05,1050.82,998.45,943.36
bhr,Bahrain,5.84,6.27,6.71,7.25,7.94,8.78,9.71,10.02,10.36,10.76,11.32,11.44,11.84,12.12,12.31,12.95,13.55,14.23,14.98,15.17,16.13,16.47,17.11,18.08,18.83,19.7,20.29,20.93,21.84,22.84,24.29,25.12,26.27,26.86,27.15,29.04,30.27,31.22,31.74,31.71,31.24,33.29,34.02,38.56
bhs,Bahamas,4.27,4.29,4.59,5.19,5.5,5.3,5.45,5.68,5.9,6.12,6,5.67,5.75,5.91,5.97,6.41,6.75,7.05,7.37,8.01,8.91,8.97,9.46,10.26,10.41,11.1,11.6,12.14,12.95,13.86,14.45,14.93,15.03,15.53,15.78,16.27,16.96,17.56,18.22,20.1,20.06,25.19,21.74,21.82
bih,Bosnia and Herzegovina,209.11,224.08,236.74,247.9,255.03,263.47,262.43,262.86,263.27,264.81,269.76,266.3,255.95,252.43,251.46,254.9,268.97,288.47,312.36,338.29,362.94,387,405.85,431.52,457.2,480.12,489.67,499.95,512.83,527.03,534.72,539.32,546.05,550.09,558.46,574.02,576.59,589.82,597.9,610.38,617.65,607.92,611.57,608.05
blr,Belarus,331.71,339.67,342.15,356.75,371.89,415.23,438.31,458.27,458.16,473.52,513.61,550.97,568.34,591.03,568.8,587.8,587.42,601.56,598.34,582.12,583.41,569,491.33,468.55,529.59,620.96,523.61,456.7,461.27,467.68,479.3,467.03,453.64,433.66,428.19,411.54,432.46,465.83,479.33,490.61,482.22,493.02,532.22,551.12
blz,Belize,1.79,1.76,1.84,1.89,1.92,1.93,1.94,2.02,2.05,2.1,2.17,2.2,2.18,2.21,2.28,2.46,2.81,3.13,3.28,3.48,3.85,4.01,4.41,4.64,4.75,5.11,5.6,5.76,6.1,6.31,6.57,6.81,7.02,7.17,7.36,7.89,8.26,8.64,9,9.48,9.78,10.26,10.11,10.81
bol,Bolivia,83.35,83.7,83.32,83.03,83.3,84.39,85.8,87.12,89.9,93.57,97.67,102.64,107.65,113.06,119.49,127.05,136.02,143.82,153.37,162.75,172.13,182.34,191.09,202.37,214.76,226.43,238.27,246.42,255.45,264.57,276.72,291.8,308.05,323.35,336.43,353.87,375.58,394.89,418.3,440.95,452.32,447.08,481.26,499.49
bra,Brazil,2393.28,2339.6,2449.85,2652.52,2815.1,2984.86,3118.8,3326.64,3507.57,3610.53,3832.43,4005.39,4236.93,4467,4699.5,4926.28,5104.68,5284.9,5548.18,5934.27,6319.77,6594.66,6866.63,7283.87,7647.11,7967.46,8437.51,8893.26,9367.82,9772.41,10379.11,10997.52,11481.62,11994.15,12583.13,13394.13,13891.37,14273.84,14733.12,15187.07,15181.67,15814.99,16837.02,17353.6
brb,Barbados,7.23,7.19,7.32,7.09,7.11,7.13,7.34,7.62,7.74,8.04,8.05,8.22,8.58,7.81,7.34,7.55,7.59,7.79,8.22,8.44,8.6,8.6,9.37,9.53,9.56,10.04,10.05,10.48,10.88,11.53,11.9,12.61,12.56,12.96,13.37,13.81,14.29,14.73,15.2,15.79,16.47,17.4,18.15,18.91
brn,Brunei,9.86,10.22,10.34,10.4,10.44,10.79,10.72,10.74,10.85,11,11.62,11.92,12.37,12.83,13.19,14.04,14.43,14.95,15.39,15.62,16.32,16.8,17.34,17.87,18.46,19.29,20.09,20.88,21.96,22.8,23.66,24.89,26.19,27.65,28.51,29.28,30.33,31.55,33.16,35.73,38.11,40.5,42.26,44.41
btn,Bhutan,2.8,2.84,2.89,2.94,2.98,3.05,3.15,3.12,3.31,3.55,4.05,4.34,4.6,4.86,5.02,5.38,5.7,6.17,6.32,6.51,6.89,7.36,7.8,8.25,8.59,8.89,9.15,9.47,9.74,9.99,10.43,10.98,11.6,12.09,12.64,13.23,13.96,14.72,15.39,16.03,16.93,17.86,18.87,19.85
bwa,Botswana,3.68,3.83,4,4.17,4.35,4.57,4.8,5.04,5.09,5.33,5.44,5.4,5.35,5.28,5.41,5.63,6,6.62,7.54,8.6,9.66,10.39,10.44,9.76,9.07,8.98,10.89,9.38,9.54,9.87,9.95,10.19,10.64,11.03,11.6,12.52,13.66,14.69,15.88,17.02,18.17,22.53,21.87,23.19
caf,Central African Republic,19.23,19.65,20.01,19.52,19.86,20.16,20.84,21.01,20.47,20.59,20.36,21.39,22.03,23.06,23.63,23.49,24.28,23.99,24.67,25.19,24.79,24.86,25.32,25.01,25,25.13,25.52,25.71,25.76,26.8,28.97,30.64,31.29,32.18,32.71,33.96,35.28,37.23,38.45,40.88,42.45,44.03,51.98,55.75
can,Canada,2403.58,2555.11,2781.9,2964.83,3248.41,3592.27,3751.77,3983.38,4262.35,4414.38,4787.75,5074.78,5262.76,5637.74,5808.24,6106.12,6377.7,6564.54,6879.29,7107.44,7314.82,7527.04,7869.01,8079.75,8407.42,8443.94,8766.95,9057.6,9379.27,9661.31,9434.54,9680.24,9898.26,10137.61,10423.59,10308.36,10504.87,10589.58,10649.1,10554.52,10570.66,10653.06,10934.13,11259.42
che,Switzerland,731.51,760.32,795.71,817.24,819.42,863.42,890.82,915.48,914.78,944.62,1006.86,1025.05,1073.93,1104.27,1049.8,833.54,776.8,771.14,811.73,865.31,913.04,923.67,962.12,1005.65,1030.27,1038.67,1105.75,1149.14,1168.78,1224.75,1248.84,1309.85,1356.46,1400.77,1413.63,1423.07,1485.32,1526.09,1554.56,1584.72,1559.83,1539.95,1680.52,1563.02
chl,Chile,387.47,385.32,394.15,414.96,433.54,464.91,474.94,478.57,482.8,504.12,512.25,525.51,553.08,591.77,592.13,619.2,653.73,676.23,684.34,724.1,729.53,778.37,809.26,833.3,890.82,946.25,985.81,1044.63,1058.05,1113.46,1186.98,1266.98,1347.93,1393.55,1422.01,1448.18,1477.88,1554.85,1561.03,1617.52,1558.99,1619.53,1762.39,1775.87
chn,China,73911.18,75798.18,77395.12,78093.51,78740.11,80059.49,82447.92,86179.41,91307.28,96534.75,101070.99,104504.97,107447.73,110498.53,113260.85,116690.36,120833.75,125066.73,129195.58,133845.83,138808.01,142059.99,143790.78,145052.09,145693.06,148424.7,152373.72,157502.93,159413,161509.25,162586.07,162232.17,161585.68,162596.61,168074.28,175832.93,187536.89,196833.19,195165.02,188971.15,187547.36,208035.7,226952.98,236952.29
civ,Cote d'Ivoire,41.7,43.04,44.19,45.69,47.11,49.08,50.02,50.24,50.66,50.94,51.38,51.82,53.29,55.57,57.88,60.07,63.36,66.42,69.53,71.57,74.68,72.22,72.91,70.18,70.89,72.62,75.97,76.46,79.49,80.52,81.8,86.24,94.67,103.64,110.25,125.13,135.73,144.63,153.99,157.56,167.83,173.62,213.34,238.37
cmr,Cameroon,73.83,75.79,76.99,77.57,79.42,82.47,84.31,87.18,90.28,93.03,94.95,95.03,94.25,93.98,92.9,92.08,92.47,92.56,94.67,96.65,101.59,101.36,105.46,106.95,109.72,113.85,121.36,124.21,133.97,144.21,154.17,163.11,172.83,180.8,184.78,199.34,207.88,220.26,236.76,250.45,267.79,285.34,312.75,342.51
cod,"Congo, Dem. Rep.",182.1,193.39,204.79,216.48,230.21,247.3,255.33,266.56,279.2,290.23,301.33,315.68,324.97,332.62,333.82,338.28,342.51,349.81,362.48,379.83,390.84,397.54,414.55,422.87,435.11,450.99,471.44,488.68,508.22,529.86,553.21,581.45,612.17,647.37,690.79,731.25,777.27,829.03,894.07,963.19,1042.8,1105.86,1346.11,1436.45
cog,"Congo, Rep.",17.12,17.31,18.3,19.65,19.89,20.58,20.81,21.6,22.01,21.74,22.04,22.42,23.51,23.93,26.23,26.22,26.37,28.46,27.07,28.46,29.41,28.81,30.19,31.83,32.69,34.91,37.01,39.08,41.55,43.86,45.23,47.09,49.09,50.6,52.03,54.44,57.15,59.06,61.24,65.63,68.84,72.09,84.58,91.18
col,Colombia,648.72,699.53,732.35,778.41,808.84,848.41,896.46,922.67,933.31,958.21,990.21,1058.98,1089.8,1101.92,1111.64,1175.47,1226.73,1207.45,1175.6,1268.03,1306.86,1350.55,1434.32,1530.21,1598.23,1659.29,1714.34,1745.03,1792.76,1858.37,1955.69,2005.59,2085.89,2144.97,2284.29,2379.13,2400.54,2462.06,2486.52,2396.54,2327.45,2376.07,2438.15,2516.9
com,Comoros,1.43,1.46,1.48,1.5,1.51,1.54,1.58,1.63,1.69,1.75,1.82,1.92,2.01,2.08,2.13,2.14,2.22,2.21,2.33,2.31,2.5,2.49,2.69,2.7,2.6,2.81,2.7,3.05,3.1,3.05,3.06,3.18,3.18,3.24,3.53,3.58,3.68,3.78,3.79,4,4.18,4.54,4.49,4.9
cpv,Cape Verde,8.09,8.31,8.2,8.35,8.45,8.64,8.77,8.93,9.15,9.5,9.85,10.11,10.2,10.3,10.73,12.83,10.51,10.51,10.63,10.8,11.01,11.22,11.43,11.68,11.91,12.25,12.71,13.22,13.57,13.99,14.41,15.27,16.45,17.36,18.42,19.44,20.05,20.36,20.72,21.09,20.26,20.61,24.74,26.48
cri,Costa Rica,47.95,51.33,50.77,49.64,52.64,55.52,57.51,62.05,61.02,65.63,63.16,65.37,69.11,71.74,72.99,79.25,84.43,85.06,81.61,86.99,92.95,91.74,92.9,100.71,105.47,105.77,100.49,102.63,105.13,109.89,115.02,121.4,124.56,130.25,135.62,141.27,142.34,143.41,148.97,146.29,140.11,151.56,170.84,187.66
cub,Cuba,650.29,657,703.09,746.23,779.78,796.25,833.9,857.3,888.73,936.65,954.58,973.13,1025.18,998.99,968.33,1021.68,1067.51,1097.32,1109.05,1140.9,1235.92,1260.9,1344.97,1413.79,1496.12,1563.81,1638.32,1717.21,1830.33,1901.68,1914.25,1937.3,1966.76,2039.1,2128.9,2134.82,2211.97,2267.67,2296.56,2335.88,2348.86,2557.63,2148.06,2275.51
cyp,Cyprus,44.85,39.9,38.69,44.8,41.74,48.12,39.29,42.24,42.31,45.4,44.16,46.81,52.2,50.46,53.53,54.13,56.79,59.55,63.4,63.97,62.54,61.33,64.46,69.35,70.13,77.67,78.27,83.53,82.27,82.35,81.82,87.84,91.91,92.68,98.33,103.62,96.27,107.16,108.72,113.85,116.82,124.7,126.67,115.76
cze,Czech Republic,800.84,806.7,810.82,815.79,833.17,854.27,852.16,859.28,860.56,903.07,962.7,1012.09,1025.46,1060.5,1109.11,1166.96,1191.92,1187.55,1244.19,1312.46,1364.56,1417.53,1439.85,1468.49,1497.98,1536.48,1598.68,1651.34,1708.61,1749.67,1792.46,1860.63,1916.76,1910.71,1929.43,1932.57,1974.01,2072.1,2113.64,2138.43,2189.33,2139.39,2113.06,2036.64
deu,Germany,7094.83,7280.69,7399.28,7567.86,7592.79,7794.39,8155.25,8256.05,8417.03,8681.62,9165.01,9450.27,9527,9934.59,10149.85,10288.89,10512.85,10739.29,11222.31,11513.51,12032.58,12183.76,12590.18,13030.06,13150.65,13841.78,14167.92,14660.12,15320.09,15800.02,15941.7,16361.3,16967.69,17708.18,17964.4,18513.22,18903.1,19187.79,19692.94,19871.61,20267.46,20838.53,21762.63,22031.9
dji,Djibouti,1.72,1.84,1.94,2.02,2.11,2.21,2.28,2.42,2.54,2.66,2.8,2.88,3.08,3.6,3.18,3.42,3.38,3.31,3.38,3.37,3.4,3.42,3.48,3.39,3.68,3.83,4.04,4.36,4.69,4.89,5.3,5.67,6.13,6.57,6.8,7.61,8.14,9.03,9.45,10.23,10.35,11.38,12.81,14.51
dma,Dominica,1.6,1.65,1.7,1.78,1.85,1.95,2.04,2.13,2.22,2.32,2.46,2.5,2.52,2.54,2.56,2.61,2.63,2.61,2.64,2.69,2.78,2.86,2.96,3.08,3.12,3.08,3.2,3.3,3.45,3.6,3.67,3.62,3.79,3.79,3.79,3.99,4.06,3.95,3.97,4.08,4.26,4.24,4.27,4.55
dnk,Denmark,1171.24,1239.76,1301.67,1427.85,1486.22,1513.05,1546.34,1643.88,1708.09,1712.08,1793.73,1851.59,1848.16,1885.97,1670.1,1656.09,1629.32,1652.14,1644.67,1675.39,1720.71,1755.55,1777.18,1808.83,1879.49,1895.81,1952.26,1951.12,2014.91,2067.64,2060.54,2067.8,2088.59,2104.22,2101.86,2109.36,2115.65,2149.43,2138,2183.83,2154.67,2257.65,2355.66,2295.48
dom,Dominican Republic,126.02,129.51,133.82,138.3,140.08,142.31,150.12,153.7,157.66,164.15,169.66,173.08,175.96,177.86,183.19,189.18,196.15,201.34,206.66,216.46,228.73,245.71,258.52,266.74,274.34,280.37,289.6,304.2,322.7,341.64,360.2,380.86,396.89,408.69,424.57,453.07,481.79,511.64,539.08,561.9,580.46,624,665.91,706.73
dza,Algeria,60.14,63.94,68.54,74.99,82.58,91.49,98.25,103.27,108.08,113.65,119.18,120.27,124.28,129.04,132.38,135.94,141.22,145.86,152.39,158.32,165.08,171.58,178.68,188.51,201.48,214.04,225.95,240.1,255.06,270.68,288.62,305.63,322.2,338.26,354.74,375.66,394.79,424.14,455.33,486.74,481.41,493.98,528.32,561.28
ecu,Ecuador,95.76,110.38,116.07,115.2,128.16,132.68,147.33,154.21,164.01,176.91,181.22,198.7,208.91,230.26,271.25,312.84,322,319.83,317.38,295.98,312.56,343.03,357.78,363.57,399.08,421.67,413.09,438.26,440.23,446.64,447.59,474.01,471.35,454.59,464.91,433.97,450.08,474.02,471.84,516.98,493.49,491.03,513.55,549.38
egy,Egypt,199.68,212.2,230.38,244,261.91,285.27,313.97,324.43,329.33,334.89,345.28,356.42,380.75,405.68,424.14,441.64,461.65,488.37,520.22,541.12,571.8,633.21,719.57,840.28,947.82,1035.64,1124.11,1198.14,1282.96,1365.14,1423.74,1487.63,1568.35,1571.15,1672.52,1819.52,1864.65,1917.28,1990.51,2031.96,2085.92,2356.14,2974.32,3126.35
eri,Eritrea,14.62,15.16,15.66,16,16.28,16.64,17.18,17.86,18.57,19.26,20.1,20.97,20.83,20.37,21.26,22.37,23.67,25.04,25.97,27.01,27.88,28.23,29.76,30.3,31.73,32.99,34.09,35.34,36.45,37.71,39.03,41.04,43.38,45.1,46.61,49.27,51.23,53.81,56.82,59.3,61.24,62.02,74.26,78.7
esp,Spain,1581.42,1585.39,1603.17,1684.03,1637.48,1762.02,1783.44,1764.8,1743.84,1759.94,1872.23,1929.04,1917.83,1973.51,1981.56,2084.6,2128.2,2176.18,2283.09,2378.95,2468.87,2559.21,2734.46,2938.06,3063.57,3160.74,3280.24,3504.73,3725.16,3877.12,3982.98,4217.77,4516.95,4641.58,4778.22,5039.53,5167.29,5423.32,5639.29,5726.42,6015.88,6067.94,6600.03,6526.81
est,Estonia,123.27,124.01,115.53,99.91,98.16,124.79,139.25,148.24,158.57,164.66,166.28,170.08,169.01,158.47,139.37,136.85,139.11,143,134.95,133.35,134.41,135.87,134.59,136.86,142.2,140.15,139.26,138.5,140.88,139.4,140.06,149.18,157.88,163.97,166.53,163.02,170.22,164.61,162.49,163.02,148.8,164.1,172.91,171.36
eth,Ethiopia,90.87,93.28,95.99,98.68,101.3,104.73,108.4,113.35,118.89,123.84,129.57,135,141.28,147.44,152.08,157.77,165.41,173.03,179.59,184.99,191.34,199.27,208.3,215.77,225.94,243.39,266.5,293.61,323.32,347.67,374.44,402.81,423.37,446.4,460.3,478.39,514.81,548.69,589.75,635.29,649.1,701.68,864.24,962.37
fin,Finland,461.87,460.97,469.63,472.48,503.48,522.8,493.2,399.51,393.61,396.69,412.34,417.16,439.1,439.89,444.49,450.13,463.34,475.17,508.78,510.01,531.6,555.51,571.52,594.48,596.92,611.37,640.67,664.64,698.3,718.13,758.73,790.4,840.72,862.84,903.67,911.8,920.77,927.87,955.15,985.06,1019.19,1039.92,1060.77,1128.21
fji,Fiji,6.75,6.74,7,7.21,7.45,7.43,7.44,7.76,8.12,8.54,9,9.5,10.04,10.44,10.84,11.2,11.59,12.1,12.89,13.53,14.1,15.01,15.77,16.9,18.17,19.01,20.02,20.75,21.12,22.03,22.89,23.72,24.28,24.9,25.57,26.55,27.43,28.23,29.45,30.42,31.48,32.1,34.97,37.02
fra,France,3119.21,3234.16,3249.02,3391.17,3338.16,3488.62,3564.61,3673.57,3763.87,3834.41,3957.05,4081.29,4165.42,4357.13,4404.95,4730.63,4909.22,4993.84,5339.73,5610.28,5919.12,6232.33,6707.88,7206.54,7248.03,7727.21,8055.14,8353.02,8839.77,9311.39,9475.75,9795.93,10479.89,10644.45,11088,11544.65,11746.2,12016.87,12132.79,12521.98,12473.21,12043.53,13329.91,13500.46
fsm,"Micronesia, Fed. Sts.",2.77,2.78,2.77,2.77,2.75,2.81,2.83,2.87,2.93,3.01,3.14,3.23,3.29,3.38,3.47,3.58,3.66,3.74,3.82,3.88,4.18,4.06,4.18,4.28,4.38,4.46,4.52,4.54,4.55,4.59,4.67,4.82,5,5.13,5.24,5.41,5.58,5.76,5.86,6.07,6.36,6.91,6.47,6.79
gab,Gabon,10.43,10.92,11.57,12.34,12.42,12.79,13.07,13.49,13.71,14.13,14.31,15.27,15.97,15.8,16.28,17.12,17.13,17.88,18.25,17.91,18.44,18.95,19.91,20.31,20.95,22.4,23.47,24.31,24.87,25.55,25.82,26.61,28.54,31.3,33.15,34.93,35.84,36.73,37.7,39.25,41.54,44.07,50.81,54.39
gbr,UK,10928.6,11047.32,11548.56,11759.84,12099.67,12762.75,12889.77,13106.42,13510.96,13813.31,13857.88,14120.63,14260.92,14782.53,14618.42,15001.98,14959.92,14877.24,15104.93,15269.82,14980.8,15001.86,15305.07,15629.52,15486.59,15834.77,16293.61,16911.63,17553.64,17436.89,17389.2,17512.57,18222.99,18368.08,18419.92,18794.17,18773.9,18937.96,18953.3,18634.74,18751.18,18380.92,19042.8,20580.53
geo,Georgia,237.94,244.55,248.48,254.83,259.82,270.9,280.56,290.13,297.11,297.62,304.28,304.96,283.04,235.79,197.75,198.7,193.35,199.9,233.1,256.23,262.98,268.84,271.79,265.23,253.88,257.48,245.14,223.69,235.24,241.46,247.96,244.02,244.19,238.37,248.14,256.89,251.58,262.34,253.43,235.18,246.89,233.16,223.67,215.97
gha,Ghana,116.15,121.17,126.09,130.01,134.83,141.04,147.13,152.86,159.38,166.15,172.62,176.68,182.19,189.36,195.78,196.35,198.43,201.37,208.67,212.62,223.08,208.12,196.98,179.16,167.9,160.74,157.41,149.67,161.15,171.03,181.45,200.49,214.63,224.47,233.4,253.26,269.35,286.01,308.34,332.77,353.41,381.46,445.54,477.74
gin,Guinea,22.74,23.34,24.32,24.43,25.15,26.29,27.76,28.93,30.17,31.8,33.48,35.04,36.63,38.2,40.19,42.25,43.52,44.33,45.4,46.27,47.32,47.21,47.34,47.09,46.66,47.2,48.29,48.13,48.72,49.75,51.02,52.3,53.94,54.83,56.3,58.38,59.72,61.47,64.19,68.9,70.14,73.53,90.91,97.66
gmb,Gambia,0.65,0.66,0.67,0.68,0.69,0.71,0.74,0.76,0.8,0.84,0.92,0.98,1.07,1.09,1.09,1.3,1.24,1.26,1.4,1.59,1.52,1.5,1.59,1.71,2,2.21,2.26,2.37,2.36,2.57,2.63,2.48,2.64,2.74,3.08,3.11,3.48,4.15,4.25,4.79,4.76,5.1,5.93,6.37
gnb,Guinea-Bissau,4.12,4.16,4.18,4.18,4.23,4.26,4.32,4.4,4.51,4.67,4.81,4.9,4.98,5.05,5.21,5.1,5.81,5.69,5.17,5.14,5.13,5.3,5.51,5.7,5.92,6.51,6.41,6.58,7.07,7.2,7.53,7.96,8.5,8.84,9.13,9.73,10.37,11.13,11.82,12.68,12.42,12.37,15.28,16.58
gnq,Equatorial Guinea,3.34,3.4,3.42,3.42,3.44,3.52,3.44,3.46,3.67,3.81,3.93,4.09,4.24,4.37,4.36,4.55,4.74,5.31,5.72,6.25,6.82,7.35,7.74,7.97,8.39,9.11,9.67,10.33,11.22,12.21,12.39,12.86,14.43,15.4,16.83,17.07,17.65,19.77,20.94,21.61,22.18,25.38,29.58,32.51
grc,Greece,664.12,676.97,697.52,720.87,743.74,801.4,818.42,886.16,929.04,952.82,1048.27,1076.05,1088.71,1098.4,1110.15,1131.91,1137.1,1153.37,1211.37,1217.12,1273.18,1274.07,1308.54,1353.95,1364.26,1345.29,1352.29,1349.92,1440.79,1429.81,1439.53,1508.94,1593.38,1624.25,1703.65,1778.12,1818.56,1857.95,1867.46,1939.88,2014,2081.99,2045.04,2043.74
grd,Grenada,2.45,2.47,2.48,2.47,2.47,2.48,2.53,2.6,2.67,2.9,2.77,2.67,2.53,2.4,2.4,2.54,2.66,2.73,2.85,2.81,2.92,2.95,3.15,3.29,3.28,3.38,3.59,3.76,3.85,3.92,3.99,4.14,4.25,4.18,4.18,4.12,4.34,4.24,4.43,4.7,4.6,4.49,4.73,4.99
gtm,Guatemala,90.9,89.97,94.84,100.16,113.09,109.74,111.3,116.54,116.55,126.55,134.57,148.32,162.23,178.82,183.17,179.71,165.99,173.28,173.93,193.44,193.53,206.34,205.35,219.37,233.15,233.85,233.69,235.77,239.69,245.48,245.25,247.92,238.78,243.77,250.32,256.94,271.87,284.67,295.49,303.39,301.93,316.75,317.22,319.04
guy,Guyana,8.26,8.2,8.06,7.85,7.62,7.53,7.5,7.72,7.88,7.68,7.78,7.77,7.61,7.57,7.67,8.02,8.3,8.45,8.33,8.81,10.81,10.43,10.75,10.68,10.68,11.15,12.17,12.46,12.95,13.51,13.8,14.53,14.7,14.99,15.56,15.86,15.66,15.51,16.46,17.63,21.12,23.62,25.87,30.33
hnd,Honduras,75.88,71.57,71.02,72.15,71.31,71.02,71.05,77.78,79.89,83.19,89.53,97.63,102.33,109.85,116.55,120.45,130.83,135.53,140.28,145.74,152.4,159.55,166.4,173.85,180.62,186.49,193.09,201,210.03,218.75,229.15,243.9,256.88,269.37,282.57,296.36,308.3,321.52,338.38,357.04,349.7,398.11,425.37,446.49
hrv,Croatia,309,321.43,333.47,344.02,352.25,379.06,420.29,405.73,410.57,426.29,444.64,435.17,441.43,419.76,425.71,453.66,481.76,494.66,517.38,502.09,549.52,555.75,586.97,619.39,621.51,636.48,658.15,671.15,686.48,715.62,724.5,776.53,774.8,795.57,819.84,783.64,827.66,884.75,911.09,934.99,955.28,957.79,974.54,921.63
hti,Haiti,65.77,67.03,68.21,69.34,69.11,71.75,72.05,72.64,73.44,73.71,76.06,75.72,79.72,81.76,81.42,84.62,86.42,91.29,89.28,93.14,95.07,98.32,100.55,103.88,107.97,109.53,113.05,118.53,122.65,126.67,128.05,132.82,140.81,150.18,156.7,163.54,172.51,181.51,193.31,206.07,211.22,232.5,258.22,276.64
hun,Hungary,1012.44,1028.88,1082.95,1123.78,1150.81,1181.92,1256.44,1312.69,1352.99,1423.52,1525.97,1577.79,1655.64,1740.26,1768.18,1874.68,1990.48,2009.7,2057.76,2128.98,2198.25,2255.67,2349.3,2404.02,2447.37,2514.78,2557.22,2701.17,2838.68,2912.52,3045.06,3101.94,3206.11,3284,3380.54,3432.68,3467.38,3524.31,3512,3527.69,3521.27,3445.34,3459.49,3397.06
idn,Indonesia,1976.06,2066.69,2148.34,2220.13,2294.4,2365.44,2450.69,2551.52,2674.91,2824.76,2969.36,3103.69,3255.03,3402.62,3545.67,3670.59,3806.6,3963.24,4068.7,4171.4,4275.37,4352.65,4491.26,4637.3,5323.69,5045.02,5283.53,5576.64,5938.55,6307.17,6698.52,7076.17,7398.59,7676.26,7952.33,8322.19,8758.98,9221.07,9775.29,10348.16,11194.2,12588.3,12360.81,13158.21
ind,India,3258.51,3279.16,3376.91,3522.91,3713.22,3932.74,4187.61,4444.4,4728.12,5055.94,5363.3,5608.83,5682.74,5668.39,5699.52,5967.32,6494.21,7045.1,7502.73,7755.37,8004.4,8356.96,8734.14,8956.81,9186.27,9663.53,10191.44,10857.58,11175.31,11633.58,12336.5,12954.63,13844.68,15046.18,16603.43,18105.7,19727.31,21115.01,22399.89,23599.96,24841.04,27923.75,29157.54,31055.75
irl,Ireland,383.53,411.77,422.71,457.29,463.64,487.43,482.92,486.05,520.55,541.6,549.32,533.01,553.81,561.13,566.84,580.79,576.33,577.79,610.44,626.37,630.75,630.47,638.57,663.49,707.14,696.46,738.83,747.91,769.78,781.58,773.84,810.75,827.65,858.71,906.86,893.97,931.71,948.77,916.51,937.29,964.44,939.88,1082.32,1170.84
irn,Iran,619.69,636.29,646.65,657.09,671.31,688.31,706.82,733.54,769.87,817.12,864.15,893.9,946.12,991.24,1030.88,1077.99,1124.31,1164.98,1217.11,1274.5,1355.61,1428.72,1481.99,1612.23,1544.42,1585.33,1626.12,1675.98,1739.82,1818.3,1898.37,1986.63,2006.86,2098.52,2151.42,2252.9,2391.83,2489.03,2575.5,2698.4,2695.87,2586.16,2623.89,2775.01
irq,Iraq,188.84,195.12,202.84,209.39,219.49,228.16,237.97,247.9,258.36,267.91,280.7,282.95,291.07,300.06,307.57,314.89,323.66,336.88,356.12,377.72,401.83,427.5,454.08,476.41,510.1,543.66,583.55,625.78,677.08,730.68,788.95,851.55,918.58,973.01,1030.41,1081.23,1129.8,1183.01,1258.01,1360.22,1424.61,1532.74,1680.03,1790.16
isl,Iceland,30.09,29.09,30.02,30.82,30.23,30.49,32.86,35.94,38.47,38.49,37.69,40.81,43.15,43.75,45.7,43.99,48.76,49,50.97,51.87,53.29,53.5,55.24,58.74,61.79,61.86,66.06,69.47,73.27,75.54,76.99,78.96,80.95,81.34,83.93,85.77,87.99,85.31,86.61,88.32,86.1,87.75,99.75,99.66
isr,Israel,248.24,246.07,249.63,255.7,261.56,270.72,281.1,287.87,296.48,300.95,325.41,335.45,365.1,394.9,404.37,438.16,423.48,434.45,481.13,471.8,497.19,507.59,519.37,536.61,546.66,564.58,606.33,634.93,641.82,648.11,670.53,711.41,712.87,724.48,759.2,767.33,773.76,776.85,813.28,834.33,826.22,856.48,880.23,882.75
ita,Italy,3966.14,4072.54,4145.91,4398.19,4413.39,4677.66,4851.27,4877.07,5056.87,5124.23,5377.81,5528.5,5699.22,5788.72,5883.51,6080.73,6193.72,6306.03,6504.08,6678.49,7024.07,7285.34,7495.85,7718.07,7559.38,7857.51,8076.93,8467.93,8794.12,9135.57,9202.88,9520.3,9899.99,9972.41,10311.14,10878.39,10681.87,11181.47,11171.17,11255.6,11446.33,11482.54,11874.76,11577.03
jam,Jamaica,51.16,51.5,52.17,56.56,60.85,60.79,59.91,59.29,59.24,60.82,64.53,67.31,68.1,69.41,71.25,73.28,72.59,73.92,76.9,79.51,83.68,85.04,85.42,87.01,89.42,88.67,94.16,95.69,96.27,95.53,100.63,107.3,106.21,114.77,118.6,120.6,123.52,125.2,127.44,130.24,132.89,139.44,140.23,147.23
jor,Jordan,18.07,18.98,20.04,21.25,22.93,24.34,25.08,27.36,29.46,32.14,34.83,37.12,39.87,41.68,44.08,46.5,48.31,50.68,53.29,56.13,60.71,65.36,70.29,71.69,78.71,89.54,98.58,101.65,106.41,115.19,124.55,134.43,144.14,153.45,164.52,174.81,184.56,196.59,210.62,225.57,245.7,284.22,270.22,283.42
jpn,Japan,7276.99,7591.78,7922.15,8425.98,8773.02,9351.19,9604.19,10000.18,10729.96,11030.24,11809.3,12234.94,12891.72,13282.51,13443.93,14413.98,14684.54,15126.37,15689.53,16423.01,16688.79,17042.67,17180.11,17495.59,18119.96,19182.11,19525.33,20164.71,20856.74,21028.49,22079.48,22732.87,23549.57,24230.98,24622.41,24919.73,25315.44,25896.14,26820.6,27535.62,27689.76,28706.73,30355.34,32095.31
kaz,Kazakhstan,703.26,697.32,719.84,749.52,797.89,813.4,834.73,848.36,930.68,976.87,1013.47,991.09,979.96,930.61,893.17,865.3,842.97,808.73,778,781.7,745.77,729.49,731.14,711.28,654.9,671.99,665.31,636.91,668.78,653.58,639.24,680.83,677.66,613.58,585.26,545.75,534.01,524.58,514.89,531.61,586.86,577.84,471.9,495.84
ken,Kenya,71.54,74.23,76.93,79.43,81.96,85,87.83,90.53,93.64,95.77,98.24,101,104.28,108.11,112.11,116.22,121.04,126.33,132.16,137.02,143.36,146.37,152.52,151.79,156.59,159.52,163.63,166.16,170.84,176,186.67,194.26,200.78,203.69,201.92,217.36,231.48,247.84,264.72,280.24,291.03,335.72,351.65,379.07
kgz,Kyrgyz Republic,112.04,114.83,117.46,118.85,116.66,120.96,129.47,134.55,140.57,140.5,151.59,147.59,148.8,147.47,142.53,133.2,130.9,130.34,124.19,119.83,115.17,111.78,109.72,111.1,106.03,104.23,108.1,105.27,106.06,106.02,105.79,104.78,107.28,110.66,112.23,113.04,122.77,115.92,114.25,108.35,98.22,114.19,119.98,135.01
khm,Cambodia,108.01,109.43,110.86,112.2,113.89,116.77,119.12,122.53,127.72,133.55,140.16,147.14,155.15,162.24,167.36,172.74,175.23,179.02,185.6,187.7,192.17,202.77,213.75,221.06,231.28,244.78,255.02,272.42,285.66,298.79,315.39,328.26,349.15,369.82,383.35,404.63,425.31,438.45,462.25,492.46,523.25,517.23,569.23,616.32
kir,Kiribati,0.64,0.63,0.62,0.61,0.6,0.61,0.62,0.63,0.65,0.67,0.7,0.73,0.76,0.78,0.78,0.77,0.82,0.86,0.9,0.95,1.01,1.05,1.08,1.12,1.16,1.2,1.23,1.25,1.28,1.31,1.34,1.36,1.39,1.42,1.45,1.51,1.57,1.63,1.75,1.78,1.83,1.92,2.11,2.24
kna,St. Kitts and Nevis,1.54,1.56,1.55,1.53,1.46,1.39,1.36,1.42,1.38,1.39,1.38,1.25,1.19,1.1,1.11,1.14,1.17,1.18,1.19,1.19,1.25,1.22,1.33,1.3,1.34,1.35,1.39,1.39,1.45,1.47,1.47,1.49,1.52,1.51,1.51,1.55,1.56,1.66,1.72,1.8,1.88,1.93,1.92,2.03
kor,South Korea,1201.25,1115.22,1182.24,1343.02,1363.38,1426.08,1526.42,1638.15,1713.57,1818.75,2001.64,2174.4,2287.82,2432.23,2687.67,2931.4,3148.88,3489.71,3700.12,3926.58,4075.46,4118.62,4328.89,4388.49,4488.25,4626.47,4747.15,4875.79,4919.26,4975.76,5140.02,5203.49,5462.44,5476.26,5493.48,5663.77,5731.34,5841.47,6034.38,5941.28,6150.17,6144.57,6985.63,7188.49
kwt,Kuwait,16.45,17.16,18.32,19.09,21.94,19.89,22.73,23.6,22.15,19.78,18.78,19.53,20.53,21.48,18.64,15.6,15.65,15.61,17.19,14.6,18.68,20.53,19.47,21.09,19.73,22.17,24.44,25.6,26.72,28.13,29.32,31.51,34.34,34.17,35.88,37.35,38.86,41.19,43.65,45.62,44.84,46.67,51.98,54.22
lao,Lao,53.08,53.45,53.84,54.15,54.53,55.37,55.92,56.87,58.37,60.49,63.46,66.15,69.26,72.99,76.62,79.01,81.94,85.09,89.04,91.88,94.4,97.93,101.65,104.76,107.96,112.62,117.62,124.53,131.27,140.94,152.27,163.8,173.86,188.9,201.9,219.6,234.27,246.91,260.68,277.29,297.66,309.65,349.62,371.26
lbn,Lebanon,68.23,70.31,71.59,73.82,76.5,80.53,83.96,87.44,90.04,92.06,94.46,96.35,101.16,105.66,112,119.05,126.13,133.81,140.55,152.82,163.44,174.02,182.53,192.64,203.96,216.77,234.72,254.16,276.69,297.86,316.53,353.39,397.34,443.61,475.07,475.37,445.22,442.06,493.61,625.47,766.2,474.7,575.95,602.01
lbr,Liberia,11.88,12.34,12.86,13.27,13.64,14.07,14.48,14.8,15.01,15.02,15.33,15.04,14.21,14.11,14.01,13.5,14.19,13.4,13.88,14.17,14.86,14.85,15.58,15.47,15.9,16.17,17.71,18.12,19.37,20.62,21.76,22.82,24.99,26.71,26.76,28.11,28.86,30.44,32.64,35.43,37.07,43.27,47.59,51.99
lby,Libya,20.51,21.66,22.6,23.55,24.4,25.14,25.98,26.76,27.82,29.33,30.95,32.91,34.87,36.64,38.09,39.08,40.22,41.38,43.39,45.46,47.02,48.9,50.77,53.37,56.94,61.1,64.8,68.11,71.1,74.84,78.52,81.52,85.35,86.46,88.65,89.29,89.24,93.44,99.67,105.53,115.33,135.78,122.41,128.7
lca,St. Lucia,3.1,3.13,3.19,3.23,3.21,3.11,3.22,3.43,3.52,3.61,3.76,3.89,3.95,3.82,3.69,3.84,3.96,4.03,3.95,4.08,4.31,4.42,4.74,4.89,5.03,4.97,5.18,5.35,5.6,5.44,5.7,5.92,6.12,6.2,6.28,6.46,6.51,6.34,6.65,6.84,7.08,7.61,7.89,8.61
lka,Sri Lanka,161.73,161.66,173.16,178.05,191.35,199.71,206.26,210.57,219.89,229.72,241.3,249.86,257.95,264.81,277.52,286.79,311.66,317.46,339.36,346.33,353.98,370.74,378.75,389.43,462.93,436.48,461.04,481.91,507.79,523.39,555.07,581.04,608.92,651.08,681.21,715.49,750.54,810.79,833.27,840.39,843.73,918.88,1180.13,1251.36
lso,Lesotho,25.47,25.99,26.41,26.71,27.02,27.84,28.34,28.98,29.87,30.82,32.19,33.14,33.81,34.47,34.84,35.2,36.19,37.22,37.05,36.84,36.48,42.32,46.52,41.31,36.71,30.69,26.16,24.12,24.32,25.7,26.62,27.9,28.65,29.39,30.19,31.16,31.79,32.52,33.3,34.04,33.96,37.96,41.33,42.79
ltu,Lithuania,152.72,187.33,196.04,188.25,197.89,228.18,238.77,242.94,255.91,269.25,279.97,281.02,264.05,240.24,222.45,222.95,221.83,226.47,212.8,216.36,221.92,229.24,220.65,236.41,237.13,239.49,249.18,242.32,242.6,243.96,231.3,244.57,261.71,267.17,275.78,269.6,276.15,286.56,290.69,295.89,292.58,283.13,291.31,282.25
lux,Luxembourg,33.09,33.89,33.63,35.89,38.45,39.91,38.16,40.42,41.28,42.94,43.38,44.2,45.22,46.55,48.17,48.85,49.57,52.8,53.69,55.29,54.94,54.74,55.7,62.23,62.26,65.35,67.72,72.79,71,75.09,74.5,77.95,82.75,81.67,87.39,87.24,87.22,90.91,93.03,93.2,93.37,88.83,91.52,98.56
lva,Latvia,196.82,200,204.18,204.43,212.99,231.92,255.53,256.77,256.98,268.1,273.54,274.65,272.82,271.56,264.9,253.11,220.24,205.86,198.84,198.32,197.49,197.65,199.66,200.51,199.58,214.95,221.38,219.4,201.12,200.8,202.87,207.37,210.91,210.34,207.05,209.54,207.83,217.07,223.17,216.53,222.64,240.42,236.23,223.99
mar,Morocco,81.16,84.53,89.67,92.74,96.93,101.11,103.93,108.02,111.53,116.15,121.37,125.9,129.66,133.42,136.88,139.36,143.77,146.65,152.14,155.91,161.09,166.39,170.99,180.32,188.48,196.31,205.28,215.66,227.24,241.83,255.41,272.46,289.5,308.37,325.6,348.63,371.21,391.29,417.9,448.87,487.5,530.07,570.18,592.43
mco,Monaco,8.78,8.67,8.36,8.02,8.07,8.26,8.4,8.95,9.16,9.43,9.77,10.01,10.2,10.52,10.89,11.45,12,12.53,13.3,14.19,15.04,15.82,16.68,17.12,17.51,18.09,18.05,18.17,18.84,19.57,19.67,19.35,19.97,20.26,20.17,20.97,20.66,20.68,20.6,21.26,20.88,23.49,24.91,26.98
mda,Moldova,193.31,198.27,199.18,211.82,232.07,238.11,239.53,245.27,241.34,252.54,247.99,224.98,209.16,217.38,206.45,200.37,199.46,200.68,186.89,179.25,173.35,180.61,177.05,183.71,183.11,176.19,181.42,190.62,193.82,195.8,196.39,199.76,203.04,207.96,209.01,202.7,201.42,208.04,209.49,201.44,182.48,174.98,189.4,203.78
mdg,Madagascar,97.99,99.48,101.06,100.96,103.6,105.17,105.64,108.94,113.1,116.36,122.38,126.37,129.78,130.56,134.26,131.41,131.46,129.78,129.27,131.33,130.53,130.23,128.07,125.49,124.6,126.27,130.19,135.92,141.6,145.22,149.12,153.99,158.59,163.19,167.21,174.63,183.63,193.03,206.2,218.38,213.78,239.14,303.27,331.5
mdv,Maldives,1.42,1.45,1.47,1.52,1.58,1.66,1.76,1.86,1.97,2.1,2.25,2.44,2.62,2.77,2.89,3.08,3.3,3.52,3.7,3.91,4.17,4.47,4.81,5.14,5.55,5.78,6.16,6.54,6.89,7.22,7.57,7.93,8.19,8.45,8.66,9.01,9.42,9.92,10.52,11.29,11.78,12.63,13.36,14.13
mex,Mexico,1401.33,1444.88,1472.94,1591.73,1667.92,1733.71,1772.25,1774.9,1806.24,1800.94,1849.35,1905.17,1964.25,1990.67,2095.82,2135.04,2231.82,2321.32,2312.7,2304.06,2324.24,2355.83,2460.95,2519.08,2576.02,2617.23,2636.18,2668.27,2685.85,2643.3,2804.08,2848.66,2788.79,2860.34,2944.42,3031.08,3145.37,3278.68,3363.92,3365.34,3343,3514.17,3396.05,3491.81
mhl,Marshall Islands,1.1,1.12,1.13,1.14,1.14,1.17,1.18,1.19,1.21,1.23,1.28,1.3,1.33,1.35,1.36,1.4,1.41,1.43,1.45,1.46,1.53,1.54,1.59,1.64,1.7,1.76,1.82,1.89,1.96,2.04,2.15,2.25,2.36,2.47,2.56,2.69,2.8,2.92,3.03,3.15,3.32,3.64,3.75,3.95
mkd,North Macedonia,55.69,57.55,59.36,62.3,64.25,67.49,69.71,71.73,73.29,75.22,76.13,79.04,82.03,84.1,89.07,95.27,99.58,104.81,107.55,112.67,119.33,119.65,123.25,127.21,132.5,143.72,149.4,161.54,168.1,175.46,180.64,191.23,199.33,202.06,212.55,224.25,231.25,242.4,247.02,264.62,266.55,255.53,257.11,249.58
mli,Mali,38.31,36.22,40.04,40.89,41.73,43.11,44.1,44.54,44.88,45.78,46.55,47.01,47.38,48.06,48.2,48.78,50.1,50.06,51.06,51.68,52.62,52.39,53.01,53.46,54.78,56.03,58.8,62.11,65.17,68.93,72.45,75.43,76.77,78.53,82.03,91.13,97.51,105.48,112,116.86,115.19,126.12,150.36,164.04
mlt,Malta,12.85,14.12,14.59,14.52,14.57,13.98,14.37,13.82,14.73,14.87,15.33,15.79,17.19,17.6,17.85,17.79,18.85,19.26,21.01,22.05,23.71,23.71,23.46,24.93,25.77,27.04,27.76,28.89,29.73,31.22,33.17,33.57,35.36,35.85,36.23,38.74,41,41.75,42.38,41.52,41.26,44.69,45.37,44.99
mmr,Myanmar,1011.44,1026.25,1040.85,1054.33,1068.51,1083.52,1106,1133.43,1167.13,1206.13,1254.54,1307.57,1352.39,1392.47,1428.17,1468.74,1499.44,1543.45,1595.58,1627.32,1664.07,1698.29,1730.38,1748.63,1778.86,1816.84,1843.01,1879.72,2207.82,1941.4,2003.79,2070.77,2128.33,2228.12,2336.48,2434.31,2572.4,2687.66,2813.29,2992.8,3184.1,3539.48,3581.42,3797.95
mne,Montenegro,46.28,46.9,49.34,54.09,56.08,58.46,58.75,58.15,57.67,58.41,59.27,58.41,60.73,63.38,66.68,71.85,70.35,75.56,79.73,82.79,86.94,89.46,93.65,99.19,98.36,96.25,106,101.59,99.94,108.8,107.57,110.92,114.55,118.83,121.48,122.96,125.7,118.58,129.64,115.55,125.47,122.6,129.07,134.27
mng,Mongolia,54.64,57.57,59.84,62.17,63.81,65.02,66.01,67.65,70.17,76.22,82.99,89.15,93.36,94.86,95.66,98.97,101.91,101.56,99.32,95.56,92.39,87.29,81.27,74.85,70.7,69.38,69.83,71.02,73.12,75.48,77.35,79.34,82.18,85.09,87.08,87.73,88.36,90.44,93.39,93.66,95.98,111.82,111.16,113.39
moz,Mozambique,33.43,34.3,34.94,35.3,35.66,35.53,36.29,37.23,37.84,38.24,38.97,39.07,39.66,40.24,40.79,41.72,42.55,43.48,44.74,45.88,46.97,47.31,49.04,49.4,50.33,50.91,51.32,51.12,52.53,51.65,50.95,51.05,51.87,52.51,52.19,53.41,54.73,56.62,58.91,63.01,65.83,66.93,75.63,80.47
mrt,Mauritania,10.87,11.3,11.63,11.87,12.6,13.04,13.53,13.99,14.7,14.91,15.2,15.36,15.87,16.62,15.87,15.96,16.75,17.38,18.58,18.4,19.39,20.18,21.36,21.46,23.17,24.2,26.78,26.69,26.99,29.73,30.38,31.15,33.81,34.98,34.52,36.05,36.15,40.36,41.82,46.97,45.49,51.05,61.85,67.6
mus,Mauritius,19.56,20.17,17.77,16.33,19.73,19.18,21.62,24.61,27.7,26.35,25.65,27.1,24.86,26.62,27.66,27.64,27.06,27.3,31.04,37.94,40.77,42.1,42.45,43.55,44.74,45.83,41.81,41.89,42.02,42.54,42.29,43.78,44.48,45.75,44.73,46.88,46.44,48.11,51.99,51.06,50.02,49.19,54.09,57.16
mwi,Malawi,19.18,20.58,22.21,23.92,25.73,27.69,29.39,30.68,31.2,31,30.23,29.61,28.96,28.54,27.59,27.51,27.43,27.57,27.67,27.65,28.78,29.36,30.28,30.23,31.32,31.67,30.83,30.53,31.37,32.86,36.46,39.68,42.24,43.85,45.78,48.17,50.58,53.82,57.78,62.08,63.62,80.02,82.95,91.13
mys,Malaysia,326.41,335.18,341.53,359.29,382.23,402.07,421.78,441.78,470.47,507.48,547.08,582.94,610.36,640.99,687.51,730.5,777.84,823.61,891.45,958.71,1028.16,1090.25,1132.24,1156.81,1179.18,1199.73,1213.45,1240,1270.42,1283.29,1317.52,1343.51,1380.1,1444.89,1482.25,1529.22,1583.57,1630.98,1678.88,1677.86,1693.45,1896.25,2123.25,2156.23
nam,Namibia,8.11,8.38,8.62,8.84,9.1,9.42,9.81,10.19,10.62,11.14,11.65,12.18,12.6,12.66,12.59,12.24,12.05,12.02,12.1,12.33,12.58,12.59,13.07,13.37,13.14,13.13,13.42,14.43,15.65,16.29,16.81,17.65,18.73,19.47,19.54,20.12,20.8,21.78,23.69,25.63,26,29.31,29.93,31.51
ner,Niger,5.81,5.93,6.17,6.37,6.53,6.76,6.96,7.24,7.67,8.08,8.48,8.73,9,9.38,9.66,9.99,10.35,10.73,11.14,11.3,11.93,11.96,12.66,12.85,13.19,13.51,14.44,14.87,15.46,16.02,16.67,17.22,17.95,18.61,19.15,21.07,22.15,23.48,24.94,26.28,26.81,28.58,33.32,36.44
nga,Nigeria,530.44,541.03,550.96,559.84,565.71,573.07,576.31,579.91,584.71,590.19,597.36,612.62,598.5,599.06,593.67,588.39,590.69,594.56,604.58,608.16,626.86,631.25,655.22,660.4,679.69,697.34,720.81,734.09,771.32,819.43,879.48,929.19,990.85,1069.53,1137.72,1238.25,1292.04,1364.84,1423.56,1488.23,1572.84,1683.72,1970.1,2146.22
nic,Nicaragua,28.27,28.56,28.8,29.97,30.99,31.86,32.87,33.53,34.45,35.9,37.87,38.95,40.98,43.91,46,47.39,48.68,49.49,56.57,52.71,55.85,58.83,62.38,66.84,70.04,73.48,76.98,81.6,86.45,90.9,94.74,98.62,102.47,107.01,112.3,116.1,119.39,123.54,130.5,143.76,147.54,160.23,154.76,144.14
nld,Netherlands,854.17,908.28,949.16,997.18,1081.26,1144.97,1214.92,1262.47,1356.66,1465.56,1557.8,1626.71,1752.23,1892.27,1965.65,2069.67,2176.11,2278.52,2403.26,2593.44,2818.65,2965.08,3166.21,3334.92,3446.39,3572.55,3696.73,3868.15,4016.6,4095.76,4216.66,4427.59,4588.58,4738.33,4820.94,4950.22,5058.53,5072.85,5171.94,5134.74,5110.31,5343.2,5545.16,5525.86
nor,Norway,271.57,274.31,292.06,316.13,346.97,377.99,382.03,393.93,424.23,454.59,477.69,491.4,495.84,529.56,566.16,595.24,639.07,671.78,664.01,675.43,740.45,777.84,796.75,824.16,852.66,875.74,917.7,976.11,1003.9,998.44,1028.7,1044.84,1081,1088.78,1090.42,1112.48,1143.88,1120.32,1160.75,1158.51,1116.94,1068.12,1055.38,1101.38
npl,Nepal,102.06,103.94,105.69,107.24,109.57,112.52,116.64,122.33,130,139.15,148.59,160.81,171.33,179.98,191.53,203.3,216.09,231.35,244.46,255.67,266.61,274,279.53,284.47,285.63,285.53,284.23,282.84,280.79,282.83,282.07,285.11,293.63,304.71,320.06,327.13,348.3,364.06,382.9,404.91,426.68,498.17,540.35,597.62
nru,Nauru,0.5,0.5,0.5,0.5,0.5,0.5,0.5,0.49,0.5,0.5,0.51,0.52,0.52,0.52,0.51,0.51,0.51,0.5,0.51,0.51,0.52,0.53,0.53,0.53,0.54,0.55,0.55,0.55,0.57,0.59,0.62,0.64,0.68,0.72,0.77,0.82,0.88,0.94,1,1.07,1.18,1.38,1.34,1.4
nzl,New Zealand,303.5,329.44,327.03,332.54,347.17,365.42,390.35,427.91,446.67,461.21,473.43,478.86,497.67,503.47,534.04,564.08,560.34,576.78,580.82,597.3,608.95,632.95,643.79,662.84,665.9,647.51,689.04,719.77,763.77,779.66,792.04,810.77,808.75,826.46,861.16,891.58,908.36,952.78,962.14,967.72,947.01,1016.38,1081.05,1142.34
omn,Oman,7.63,7.88,8.08,8.27,8.46,8.79,9.1,9.44,9.89,10.49,11.23,11.22,11.71,12.01,12.5,12.97,13.18,13.53,13.94,14.3,15.02,15.41,15.99,16.41,16.63,17.25,18.01,18.56,19.42,20.43,21.71,22.99,24.14,25.33,26.54,27.54,28.46,30.1,31.4,32.57,33.87,38.22,38.19,40.77
pak,Pakistan,880.62,909.51,934.22,955.16,977.44,999.65,1026.96,1057.92,1098.93,1150.07,1202.78,1249.96,1282.75,1311.19,1320.01,1334.09,1351.28,1410.11,1485.78,1561.53,1663.07,1712.45,1781.15,1830.93,1902.07,2051.7,2043.04,2147.83,2250.71,2372.17,2480.74,2588.87,2716.38,2882.58,3019.37,3134.73,3278.33,3406.72,3540.27,3726.34,4069.5,4668.77,4690.67,4900.04
pan,Panama,34.42,34.39,37.4,39.38,41.4,43.76,46.79,48.17,46.77,49.22,50.53,52.55,54.78,56.71,59.41,61.44,65.08,66.54,62.52,65.45,70.53,71.89,78.06,83.72,90.37,93.55,92.4,90.6,96.07,97.96,101,105.29,107.81,119.06,122.78,126.43,123.16,121.45,124.36,129.81,120.17,111.79,118.87,125.57
per,Peru,301.04,297.07,332.7,383.99,423.8,453.96,488.5,501,505.37,516.09,514.07,542.92,588,640.29,684.76,749.54,813.86,798.97,807.9,762.97,770.46,779.86,805.86,872.99,929.57,942.11,945.14,1011.57,1074.82,1107.46,1145.38,1159.25,1182.26,1190.83,1189.95,1198.15,1278.9,1445.88,1542.22,1620.31,1613.89,2135.42,2056.95,2059.81
phl,Philippines,870.2,930.74,981.51,1029.31,1094.36,1149.26,1207.14,1241.84,1285.16,1338.83,1389.2,1443.16,1516.28,1612.45,1710.73,1802.16,1898.88,1965.18,2031.11,2123.61,2223.82,2320.84,2399.42,2379,2376.72,2451.44,2476.13,2502.08,2581.61,2667.46,2732.09,2787.97,2906.59,3013.63,3088.72,3189.69,3282.55,3320.8,3382.73,3482.25,3421.08,4018.01,3902.72,3846.69
plw,Palau,1.48,1.51,1.52,1.54,1.54,1.59,1.62,1.65,1.71,1.78,1.93,2.04,2.15,2.25,2.35,2.48,2.59,2.68,2.78,2.83,2.92,2.98,3.06,3.15,3.23,3.29,3.31,3.32,3.32,3.35,3.41,3.45,3.55,3.58,3.77,4,4.14,4.26,4.46,5.28,5.72,6.38,6.11,6.26
png,Papua New Guinea,72.86,75.69,77.31,79.92,81.97,86.07,88.99,92.41,96.58,101.62,108.29,113.12,118.64,124.65,130.53,136.98,143.18,146.37,148.61,155.12,160.25,160.36,163.45,165,165.97,169.04,172.35,182.49,187.61,191.51,207.86,220.76,230.35,231.77,244.36,266.69,271.41,286.3,297.87,324.68,333.57,343.51,415.08,447.69
pol,Poland,2273.3,2285.96,2338.53,2437.61,2595.99,2721.08,2857.68,2956.88,3064.66,3185.03,3416.43,3567.48,3631.69,3835.15,3949.68,4156.61,4266.3,4426,4631.93,4838.75,5175.2,5415.35,5653.35,5877.43,5952.22,6246.34,6499.52,6853.17,7058.63,7454.01,7662.4,7835.61,8160.47,8525.64,9030.72,9339.75,9520.76,9893.84,10217.49,10412.11,10358.75,9989.99,10330.51,10348.36
prk,North Korea,790.28,822.21,851.96,882.35,917.49,953.43,990.46,1027.02,1068.68,1122.53,1174.26,1237.25,1295.58,1346.03,1397.73,1433.86,1466.16,1498.81,1540.92,1592.03,1643.14,1700.26,1765.21,1837.21,1929.48,2024.4,2107.69,2178.24,2243.41,2313.65,2399.12,2496.52,2605.36,2696.65,2770.56,2853.72,2959.9,3080.37,3201.99,3327.3,3405.88,3556.76,3794.17,3884.33
prt,Portugal,367.25,378.03,409,408.85,418.35,440.3,461.83,469.54,494.41,506.78,559.08,576.06,569.57,600.28,585.76,600.55,593.57,607.98,644.8,675.4,692.55,692.81,735.03,762.55,766.95,806.61,849.36,869.07,893.96,923.3,943.08,970.42,1018.72,1044.82,1059.6,1119.26,1151.05,1171.86,1230.46,1284.82,1292.67,1221.05,1346.27,1312.33
pry,Paraguay,37.31,39,40.21,41.61,42.97,43.85,45.52,46.65,47.87,50.38,52.59,55.82,59.86,64.55,69.6,73.59,78.4,83.32,88.26,92.71,97.4,103.8,111.15,117.17,124.33,132.09,138.02,146.08,151.16,157.61,166.09,173.73,181.84,187.22,195.62,203.76,211.26,218.09,225.12,233.67,237.61,252.1,236.4,250.49
pse,Palestine,17.6,17.87,18.22,18.58,19.23,19.91,20.66,21.38,22.27,23.38,24.7,25.78,27.17,28.58,30.09,31.73,33,34.36,35.97,37.48,39.35,40.76,42.01,43.14,44.51,46.26,47.99,49.81,52.1,54.97,58.45,61.33,63.8,65.2,67.49,70.21,72.95,76.5,79.57,82.2,82.09,87.8,93.35,99.95
qat,Qatar,2.21,2.26,2.31,2.32,2.36,2.43,2.5,2.61,2.73,2.89,3.08,3.2,3.43,3.69,3.86,4.02,4.1,4.27,4.41,4.65,5.04,5.34,5.67,5.74,5.64,5.6,5.57,5.55,5.61,5.83,6.18,6.46,6.71,6.92,7.28,7.85,7.97,8.36,8.92,9.54,10.03,10.5,11.49,14.48
rou,Romania,1041.25,987.67,976.71,991.28,1012.57,1042.5,1074.47,1091.43,1122.83,1166.36,1212.33,1236.83,1257.82,1351.93,1374.74,1450.53,1499.22,1537.83,1544.32,1563.18,1630.82,1658.43,1688.69,1745.63,1749.72,1824.03,1910.55,1933.52,1980.53,2064.02,2106.96,2206.96,2283.67,2364.83,2437.09,2522.31,2570.41,2656.2,2698.16,2739.53,2719.21,2808.7,2796.75,2708.9
rus,Russia,8779.38,8820.07,8832.29,9165.98,9532.2,10119.29,9713.63,9858.92,10083.98,10142.38,10697.92,10592.23,10707.35,10975.69,10835.82,10450.79,10029.17,9978.42,9667.82,9473.78,9649.33,9466.56,9432.8,9228.65,9119.7,9239.69,9129.95,9210.61,9444.74,9493.83,9874.55,9795.94,10003.65,10211.8,10450.49,10981.89,10999.47,11157.35,11386.67,11273.65,11367.94,11157.36,10276.2,10619.63
rwa,Rwanda,43.73,45.47,47.2,49.35,51.44,53.45,55.06,56.88,58.94,60.8,62.91,64.42,65.86,66.39,78.2,55.23,48.18,52.79,56.79,56.9,56.38,55.62,56.97,58.5,62.5,68.07,74.82,79.3,83.13,87.65,91.17,96.73,102.51,110.11,116.17,122.29,127.13,134.31,143.72,155.47,163.67,176.42,211.4,233.96
sau,Saudi Arabia,90.73,92.12,91.77,90.81,89.94,89.68,90.08,90.82,92.07,95.49,100.17,105.24,110.52,116.22,121.66,126.29,129.16,134.32,140.71,148.42,159.15,170.03,182.42,195.63,209.03,226.19,245.46,265.35,282.78,295.85,305.02,310.66,312.35,308.85,307.19,302.83,304.11,313.94,321.68,338.97,369.87,393.62,404.05,398.73
sdn,Sudan,139.55,146.65,152.56,157.46,164.15,170.73,179.5,187.54,195.31,205.49,215.25,225.2,234.43,244.72,248.78,256.34,264.05,271.86,283.02,287.25,294.16,301.15,309.84,316.41,326.01,332.23,344.57,357.07,373.18,393.64,408.82,426.58,441.09,463.83,484.48,516.92,548.29,578.74,603.02,640.21,698.56,752.33,792.61,820.9
sen,Senegal,9.24,9.43,9.68,10.05,10.46,10.96,11.19,11.55,12.21,13.49,13.71,14.44,14.9,15.24,15.68,15.68,16.57,16.4,16.88,17.46,17.24,23.69,24.31,22.6,24.49,25.51,26.04,27.63,29.55,32.16,31.2,33.27,33.25,34.65,37.72,38.08,41.79,43.77,44.21,50.86,49.87,51.05,67.49,74.94
sgp,Singapore,164.02,175.99,183.94,190.38,197.69,207.78,221.13,222.78,225.51,241.49,241.17,244.52,251.76,266.96,272.4,278.49,292.5,307.88,308.84,298.87,304.92,328.47,321.13,313.07,328.95,345.22,374.23,384.53,391.97,404.99,393.13,411.61,435.98,439.52,445.76,448.84,440.24,446.99,447.72,463.19,452.78,486.83,521.03,562.1
slb,Solomon Islands,12.1,12.38,12.64,12.84,12.65,13.1,13.48,13.83,14.07,14.7,15.5,16.59,17.04,17.91,18.87,19.53,20.31,21.47,22.23,22.49,23.89,23.67,23.84,24.17,24.39,25.84,27.22,27.39,27.77,31.43,32.64,38.81,43.09,47.23,53.1,57.19,58.68,63.02,66.61,72.4,77.93,81.31,93.83,99.72
sle,Sierra Leone,14.57,14.98,15.47,15.96,16.74,17.36,17.88,18.42,18.95,19.76,20.45,20.81,21.54,21.98,22.73,22.88,22.62,22.04,22.6,22.24,22.5,21.77,22.26,22.67,22.93,23.62,24.94,25.08,25.43,26.03,27.39,28.64,30.55,31.51,32.13,33.39,33.63,34.87,35.63,36.96,37.69,38.9,42.3,45.64
slv,El Salvador,91.54,96.91,102.94,105.18,108.9,109.86,110.13,110.56,112.26,118.45,119.47,125.02,127.23,131.37,135.31,143,149.93,156.01,160.19,164.25,171.84,179.88,185.09,192.84,198.3,203.04,206.93,212.39,217.73,219.85,223.78,228.64,243.91,253.93,262.84,266.37,265.92,272.2,285.99,304.81,322.9,358.23,378.39,401.59
smr,San Marino,1.69,1.75,1.8,1.83,1.85,1.89,1.86,1.85,1.87,1.84,1.86,1.87,1.88,1.92,1.96,2.06,2.14,2.25,2.36,2.49,2.53,2.66,2.71,3,2.93,3.02,3.08,3.16,3.22,3.28,3.3,3.35,3.45,3.34,3.38,3.33,3.62,3.8,3.81,3.93,3.73,3.83,3.8,4.34
som,Somalia,9.56,10.36,10.69,10.99,11.51,11.78,12.14,12.71,13.28,13.87,14.45,15.02,15.95,16.12,16.8,17,17.55,18.3,19.11,19.92,21.19,21.94,22.9,23.44,24.52,25.61,26.56,27.75,28.54,29.92,31.13,32.34,33.26,34.28,36.16,38.5,41.32,44.19,47.02,50.22,48.08,56.83,60.99,66.13
srb,Serbia,770.39,781.52,783.48,833.62,832.75,833.96,839.15,855.97,863.38,895.78,911.49,951.04,974.24,1004.92,1039.53,1074.06,1115.69,1152.47,1197.02,1262.25,1338.71,1326.54,1405.42,1458.95,1523.02,1602.11,1623.31,1700.2,1761.78,1830.84,1895.83,1937.66,1982.46,2012.84,2077.77,2157.89,2157.7,2253.03,2241.25,2241.52,2273.04,2259.85,2221.16,2245.5
ssd,South Sudan,37.17,37.59,38.38,38.58,38.35,41.84,42.73,43.3,43.54,44.54,44.69,44.89,45.97,46.33,46.58,47.52,46.87,44.04,44.83,44.87,45.93,44.22,44.45,45.96,47.35,47.68,51.09,52.16,53.1,55.36,57.39,59.6,61.64,64.24,67.14,70.56,72.04,72.19,73.07,74.97,75.41,75.57,94.11,100.37
stp,Sao Tome and Principe,1.39,1.41,1.44,1.47,1.51,1.55,1.58,1.62,1.64,1.66,1.67,1.64,1.64,1.66,1.66,1.57,1.56,1.57,1.64,1.72,1.67,1.77,1.84,1.9,1.96,2.09,2.25,2.35,2.44,2.56,2.78,2.86,2.91,3.07,3.36,3.55,3.75,3.96,4.13,4.31,4.8,4.92,5.01,5.24
sur,Suriname,7.39,7.46,7.58,7.78,7.96,8.17,8.38,8.63,8.88,9.09,9.35,9.48,9.81,10.01,10.46,10.89,11.55,12.02,12.38,12.73,12.71,13.16,14.04,14.85,15.66,16.46,17.53,18.61,19.55,20.55,21.62,22.91,24.34,25.18,26.11,26.96,27.7,28.44,29.33,30.6,31.39,35.26,33.12,34.1
svk,Slovak Republic,264.62,268.95,276.94,282.68,291.63,303.01,310.94,314.32,320.28,327.92,341.74,345.73,347.16,349.37,352.46,364.34,366.37,372.64,379.94,386.86,404.36,413.16,421.39,436.24,450.41,468.63,489.05,510.14,532.6,553.65,572.14,587.59,606.27,626.41,647.05,659.07,680.81,701.49,708.01,713.14,728.12,740.1,726.37,718.55
svn,Slovenia,129.01,129.86,132.81,142.06,137.39,136.19,138.15,134.65,141.3,157.18,164.26,164.13,174.9,178.11,178.74,192.24,196.01,215.12,213.31,232.18,236.56,248.6,263.54,279.56,286.69,296.24,297.12,309.68,316.86,327.73,338.84,351.48,361.95,374.12,402.51,394.1,419.04,442.44,442.19,446.21,460.48,446.76,464.74,459.81
swe,Sweden,709.3,753.09,765.02,769.84,802.84,838.06,870.15,913.56,958.15,975.7,1007.61,1061.49,1096.36,1111.18,1117.84,1220.06,1279.39,1316.7,1335.54,1397.7,1456.98,1551.13,1588.31,1605.05,1697.53,1765.82,1826.83,1879.08,1901.42,1912.15,1948.22,1995.04,2044.37,2102.09,2148.34,2155.86,2189.48,2266.55,2247.15,2227.16,2218.7,2203.16,2291.65,2343.33
swz,Eswatini,4.7,4.81,4.91,4.99,5.08,5.27,5.45,5.68,5.99,6.36,6.75,7.12,7.49,7.6,7.51,6.91,6.48,6.07,5.7,5.47,5.26,5.51,5.62,6.11,6.67,6.96,7.09,6.88,6.8,6.93,6.98,7.16,7.24,7.24,7.18,7.24,7.38,7.73,8.1,8.51,9.84,10.95,10.73,10.82
syc,Seychelles,1.47,1.52,1.54,1.6,1.66,1.68,1.77,1.84,1.93,2.02,2.13,2.23,2.33,2.41,2.48,2.53,2.62,2.74,2.85,2.93,3.03,3.11,3.17,3.19,3.2,3.2,3.17,3.2,3.23,3.27,3.29,3.3,3.28,3.34,3.32,3.33,3.46,3.46,3.47,3.66,3.59,4.16,4.22,4.68
syr,Syria,85.28,89.59,93.63,97.38,103.3,104.92,109.67,115.02,121.86,129.12,136.45,145.33,154.98,164.67,173.21,181.63,190.9,197.98,201.87,212.04,238.7,249.85,257.16,265.71,264.82,268.56,271.1,280.1,293.8,307.11,321.01,332.05,334.09,332.16,330.73,332.62,341.76,357.39,372.08,392,394.93,392.24,434.69,451.89
tcd,Chad,39.67,40.06,40.52,41.18,41.95,42.53,42.93,43.5,43.97,44.44,46.2,46.44,46.06,46.57,45,43.42,43.58,43.58,43.08,42.93,43.34,43.94,44.61,44.88,45.84,47.09,48.04,49.25,50.24,51.91,54.08,56.24,58.05,59.88,61.47,64.8,67.03,69.11,71.91,74.66,75.96,77.55,92.75,99.86
tgo,Togo,14.61,14.93,15.32,15.7,16,16.57,16.94,17.35,18.05,18.61,19.35,19.73,20.21,20.49,20.53,20.67,20.75,21.06,21.84,22.05,23.01,23.31,24.12,24.45,25.03,25.72,27.06,27.34,29.49,32.14,34.67,36.94,38.74,40,41.32,45.34,49.12,54.46,57.94,62.25,64.49,70.41,82.24,88.97
tha,Thailand,1821.7,1933.95,2101.26,2241.26,2313.44,2416.82,2613.65,2863.27,3131.84,3451.49,3750.22,4077.41,4421.09,4696.22,4997.62,5234.31,5073.43,4797.39,5136.17,5872.65,6255.82,6434.88,6412.12,6460.79,6668.57,6836.93,6822.86,6956.26,7024.54,7053.56,7312.52,7282.43,7226.04,7332.87,7384.28,7544.49,7709.38,7460.7,7458.91,7858.77,8017.11,8310.73,9174.95,9221.5
tjk,Tajikistan,87.52,92.8,98.85,105.67,109.95,113.15,116.37,117.61,121.09,124.15,126.68,132.38,131.16,134.38,126.05,116.05,104.19,97.73,94.57,92.44,92.18,93.32,94.43,97.99,97.7,95.26,92.32,90.35,88.72,88.49,88.93,90.47,92.27,94.16,98.96,105.5,113.22,121.93,128.25,141.64,143.29,163.43,201.26,214.02
tkm,Turkmenistan,56.8,57.55,59.53,60.44,58.86,63.96,65.39,68.86,70.55,68.11,69.38,67.26,68.93,70.32,67.88,69.16,72.56,68.18,64.9,59.17,57.28,59.85,56.34,52.95,50.08,53.36,56.93,58.41,61.74,61.14,61.59,65.97,66.34,65.62,71.12,69.97,73.4,78.15,81.82,86.2,90.3,97.12,98.36,100.75
tls,Timor-Leste,7.76,7.77,7.73,7.68,7.68,7.77,7.92,8.14,8.48,8.88,9.44,9.93,10.54,11.16,11.7,12.33,12.95,13.48,14.09,14.32,15.19,15.72,16,16.75,16.46,17.69,18.33,19.27,19.61,21.27,23.26,26.2,28.26,29.1,29.71,31.88,33.46,35.12,36.32,37.65,40.85,42.73,45.37,47.88
ton,Tonga,1.64,1.69,1.74,1.78,1.83,1.94,2.01,2.08,2.18,2.29,2.45,2.58,2.69,2.8,2.89,3.03,3.1,3.15,3.21,3.29,3.41,3.47,3.55,3.65,3.78,3.88,3.95,4,4.07,4.32,4.25,4.35,4.45,4.55,4.62,4.77,4.93,5.08,5.25,5.43,5.8,6.56,6.55,6.95
tto,Trinidad and Tobago,19.96,19.08,19.81,20.49,21.09,21.56,23.18,22.61,22.56,22.8,23.49,25.11,25.82,24.76,24.03,25.98,26.39,27.78,27.47,28.1,29.14,29.82,31.33,32.27,31.18,32.54,34.33,36.52,38.15,38.66,39.93,40.92,40.84,42.41,44.18,44.2,45.27,46.64,48.01,49.7,51.25,54.75,56.13,60.04
tun,Tunisia,92.82,97.16,102.66,108.15,114.48,121.73,128.67,137.91,147.4,157.54,168.93,181.03,190.85,201.57,211.63,217.64,226.52,236.27,248.42,260.32,268.67,277.98,286.37,295.58,303.14,311.84,321.48,333.36,345.93,359.27,374.56,389.92,406.83,420.9,439.98,459.43,482.03,507.69,530.75,564.78,555.2,522.32,618.21,743.41
tur,Turkey,1051.99,1125.47,1166.66,1190.66,1217.98,1256.53,1303.79,1349.11,1424.28,1533.02,1619.27,1669.04,1736.68,1808,1861.48,1917.78,1938.86,1999.94,2078.47,2072.18,2209.86,2293.1,2431.17,2507.07,2621.68,2861.44,3126.02,3283.06,3273.82,3089.1,3172.68,3411.96,3603.58,3880.7,4161.97,4366.65,4559.56,4663.07,4715.49,4951.31,5256.86,5799.61,5796.3,5812.52
tuv,Tuvalu,0.4,0.4,0.39,0.39,0.38,0.39,0.39,0.4,0.41,0.43,0.46,0.49,0.51,0.54,0.56,0.58,0.6,0.61,0.64,0.65,0.67,0.69,0.7,0.71,0.72,0.74,0.77,0.78,0.8,0.82,0.83,0.84,0.86,0.87,0.88,0.9,0.92,0.93,0.95,0.97,1,1.06,1.05,1.08
tza,Tanzania,38.9,40.65,42.05,43.46,44.56,45.75,46.83,47.91,49.4,50.53,51.77,53.87,56.83,58.42,60.17,61.66,63.47,66.33,68.06,68.64,70.15,71.82,75.58,79.15,83.13,85.99,90.05,94.97,99.44,102.83,106.95,111.59,117.2,121.39,123.45,126.55,129.63,132.44,134.93,137.48,145.69,175.17,154.58,170.34
uga,Uganda,97.27,93.13,105.11,105.79,104.35,102.46,102.36,104.22,106.6,115.09,120.95,130.47,134.31,141.55,148.21,152.03,157.84,161.82,166.73,169.82,177.33,181.7,189.05,191.54,196.78,205.05,217.02,226.55,237.57,248.59,253.75,265.46,284.28,303.67,315.58,331.95,344.01,362.06,384.51,406.64,423.59,490.28,526.74,584.98
ukr,Ukraine,3003.74,3021.25,3053.07,3128.08,3122.21,3324.59,3406.37,3512.1,3710.68,3837.69,4138.92,4218.51,4150.57,4111.86,3997.75,3969.04,3782.16,3645.85,3564.73,3568.17,3567.26,3482.65,3462.52,3462.76,3325.64,2784.91,2633.9,2535.63,2526.84,2549.65,2538.89,2565.34,2679.6,2667.61,2525.91,2330.28,2377.87,2436.59,2382.2,2430.68,2544.52,2364.56,2247.23,2280.5
ury,Uruguay,136.86,147.64,148.77,154.1,156.42,158.29,166.62,179.37,183,188.75,185.32,190.74,203.67,213.11,214.23,219.79,224.34,236.8,239.09,239.42,244.46,251.75,264.66,280.49,285.15,285.93,294.04,322.2,344.95,341.59,361.07,379.45,386.5,403.96,421.36,440.47,455.43,455.41,483.92,506.83,504.24,559.85,631.29,594.2
usa,USA,34316.79,35842.93,37822.25,40311.14,42192.11,45297.19,47399.75,49631.13,52378.95,54142.99,56824.59,58838.64,60834.83,63616.12,64563.21,66754.57,67899.52,69070.91,70416.41,72045.71,73559.64,74416.93,76049.01,76963.26,77000.3,77705.84,78175.87,78825.45,80571.33,80366.83,79722.44,80575.54,81012.28,81557.29,81481.83,80772.75,79306.44,78891.87,77430.52,76079.57,76339.09,74982.15,76349.48,76565.24
uzb,Uzbekistan,380.18,387.88,399.14,396.85,392.17,411.96,431.24,465.83,467.17,454.43,476.63,474.79,491.74,492.01,469.28,458.27,454.62,444.42,454.74,425.02,430.42,412.06,420.76,412.56,346.84,376.19,390.59,373.52,355.55,355.38,370.78,383.26,429.34,437.23,459.04,452.4,504.38,531.64,526.1,522.02,514.42,515.85,554.5,582.12
vct,St. Vincent and the Grenadines,1.94,1.99,2.05,2.09,2.15,2.13,2.12,2.16,2.26,2.37,2.54,2.63,2.62,2.46,2.47,2.56,2.52,2.68,2.69,2.72,2.94,2.98,3.24,3.32,3.36,3.47,3.46,3.49,3.65,3.78,3.98,4.3,4.45,4.53,4.47,4.51,4.64,4.69,4.85,5.25,5.03,4.44,4.69,5.06
ven,Venezuela,439.94,470.9,471.64,473.85,524.19,573.89,590.38,612.57,633.76,670.32,675.17,687.09,699.72,725.23,766.49,783.06,780.91,813.41,818.41,942.96,901.68,965.29,1015.25,1063.84,1118.62,1161.98,1200.38,1303,1387.15,1415.66,1462.97,1532.38,1607.55,1690.14,1775.44,1855.89,1826.89,1859.67,1987.06,2123.01,2129.55,2096.51,2131.83,2149.89
vnm,Vietnam,1167.62,1191.55,1209.96,1231.33,1256.97,1291.16,1328.09,1366.09,1414.5,1474.43,1542.64,1614.2,1680.54,1776.7,1864.45,1952.69,2058.81,2121.87,2204.39,2273.2,2365.44,2483.31,2622.71,2778.16,2940.59,3109.9,3287.28,3489.23,3706.54,3942.55,4181.35,4354.56,4553.26,4763.89,4977.63,5222.37,5518.1,5749.66,6037.99,6353.22,6633.68,6752.6,7289.76,7863.02
vut,Vanuatu,1.15,1.18,1.22,1.21,1.23,1.26,1.3,1.34,1.41,1.48,1.57,1.73,1.87,1.98,2.19,2.17,2.29,2.36,2.45,2.56,2.46,2.6,2.41,2.31,2.4,2.7,2.9,3.2,3.44,3.55,3.71,4.05,4.27,4.54,4.8,5.03,5.3,5.57,5.84,6.1,6.39,6.5,7.31,7.9
wsm,Samoa,0.5,0.5,0.5,0.5,0.46,0.47,0.48,0.49,0.51,0.53,0.56,0.59,0.62,0.64,0.67,0.71,0.74,0.77,0.81,0.84,0.89,0.92,0.95,0.98,1.01,1.03,1.05,1.06,1.07,1.09,1.1,1.11,1.13,1.14,1.16,1.2,1.24,1.29,1.34,1.44,1.45,1.58,1.69,1.85
yem,Yemen,69.37,71.6,73.82,75.93,78.17,80.31,82.79,85.31,87.9,90.85,93.89,96.25,99.07,101.02,103.55,104.9,107.08,109.82,112.61,118.03,122.37,126.51,130.7,136.03,143.8,150.55,158.06,164.57,176.44,184.44,189.77,202.55,211.08,225.24,236.1,247.36,253.03,260.98,262.86,273.96,280.08,290.27,322.61,349.71
zaf,South Africa,845.2,861.57,878.84,881.4,873.63,914.47,898.5,903.79,967.9,995.75,1070.95,1120.13,1142.62,1269.71,1348.62,1435.57,1567.19,1533.44,1581.92,1546.21,1513.66,1508.43,1493.31,1487.6,1457.05,1533.36,1646.1,1753.33,1887.53,2074.46,2224.52,2387.31,2518.2,2679.74,2840.21,2939.59,3004.78,3053.79,3105.51,2936.17,2772.86,2776.15,3058.36,3538.07
zmb,Zambia,23.97,24.93,25.65,26.45,27.2,28.21,28.81,29.54,30.09,30.18,30.24,30.55,30.77,30.93,30.95,31.22,31.83,32.6,33.36,34.23,34.97,37.32,37.57,38.39,39.82,41.61,44.03,46.07,49.73,53.14,55.89,59.41,61.89,63.99,66.62,70.38,74.87,79.24,82.82,88.37,94.56,109.08,116.6,128.96
zwe,Zimbabwe,87.11,89.52,91.48,93.07,94.78,97.31,99.46,100.23,100.2,99.83,100.19,103.17,120.42,128.7,144.19,154.2,167.69,181.59,189.99,194.57,192.87,200.43,207.69,211.99,210,199.73,191.35,179.25,185,186.78,188.07,204.45,213.56,217.75,221.39,232.37,244.23,249.75,263.32,273.83,280.41,336.17,300.64,313.11
